well_id,geology_type,aquifer_classification,confidence
BPL001-OW,Basalt,Weathered,0.67
BPL002-OW,Basalt,Weathered,0.5
BPL003-OW,Basalt,Weathered,0.67
BPL004-OW,Basalt,Weathered,0.67
BPL005-OW,Basalt,Weathered,0.67
BPL006A-OW,Basalt,Weathered,0.67
BPL007A-OW,Basalt,Weathered,0.67
BPL008A-OW,Basalt,Weathered,0.5
BPL009-OW,Vindhyan,Weathered,0.67
BPL010A-OW,Basalt,Weathered,0.67
BPL011A-OW,Basalt,Weathered,0.67
BPL012A-OW,Basalt,Weathered,0.67
BPL013-OW,Basalt,Weathered,0.67
BPL014A-OW,Basalt,Weathered,0.67
BPL015-OW,Basalt,Weathered,0.67
BPL016A-OW,Basalt,Weathered,0.67
BPL017A-OW,Basalt,Weathered,0.67
BPL018-OW,Basalt,Weathered,0.5
BPL019-OW,Basalt,Weathered,0.67
BPL020A-OW2016,Vindhyan,Weathered,0.5
BPL021A-OW,Basalt,Weathered,0.67
BPL022-OW,Basalt,Weathered,0.67
BPL023-OW,Basalt,Weathered,0.67
BPL024A-OW,Basalt,Weathered,0.67
BPL025-OW,Basalt,Weathered,0.67
BPL026-OW,Basalt,Weathered,0.67
BPL027A-OW,Basalt,Weathered,0.67
BPL028A-OW2016,Basalt,Weathered,0.67
BPL029A-OW,Basalt,Weathered,0.67
BPL030-OW,Basalt,Weathered,0.67
BPL031A-OW2016,Basalt,Weathered,1.0
BPL032A-OW,Basalt,Weathered,0.67
BPL033A-OW,Basalt,Weathered,0.67
BPL034-OW,Basalt,Weathered,0.67
BPL035-OW,Basalt,Weathered,0.67
BPL036A-OW,Basalt,Unknown,0.67
BPL037-OW,Basalt,Weathered,0.67
BPL038A-OW2016,Basalt,Weathered,0.67
BPL039-OW,Basalt,Weathered,0.67
BPL040-OW,Basalt,Weathered,0.67
BPL041A-OW,Basalt,Weathered,0.67
BPL042-OW,Basalt,Weathered,0.67
BPL043-OW,Basalt,Weathered,0.67
BPL044-OW,Basalt,Weathered,0.67
BPL045A-OW2016,Basalt,Weathered,0.67
BPL046A-OW2016,Basalt,Weathered,0.67
BPL047A-OW2016,Basalt,Weathered,0.67
BPL048A-OW2016,Basalt,Weathered,0.67
BPL049-OW,Basalt,Weathered,0.67
BPL050-OW,Basalt,Weathered,0.67
BPL051-OW,Basalt,Weathered,0.67
BPL052A-OW,Basalt,Weathered,0.67
BPL053A-OW,Basalt,Weathered,0.67
BPL054-OW,Basalt,Weathered,0.67
BPL055-OW2016,Basalt,Weathered,0.67
BPL056A-OW2016,Basalt,Weathered,0.67
BPL057A-OW2016,Vindhyan,Weathered,0.67
BPL058A-OW,Basalt,Weathered,0.67
BPL059-OW,Basalt,Weathered,0.67
BPL060-OW,Vindhyan,Weathered,0.67
BPL061-OW,Vindhyan,Weathered,0.67
BPL062A-OW,Basalt,Weathered,0.67
BPL063-OW,Vindhyan,Weathered,0.67
BPL064A-OW2016,Basalt,Weathered,0.5
BPL065A-OW,Basalt,Weathered,0.67
BPL066A-OW2016,Basalt,Unknown,0.5
BPL067A-OW,Basalt,Weathered,0.67
BPL068A-OW,Basalt,Weathered,0.67
BPL069A-OW2016,Basalt,Unknown,0.5
BPL070-OW,Basalt,Weathered,0.67
BPL071A-OW2016,Basalt,Weathered,0.67
BPL072-OW,Vindhyan,Weathered,0.67
BPL073-OW,Basalt,Weathered,0.67
BPL074A-OW2016,Vindhyan,Weathered,0.5
BPL075A-OW2016,Basalt,Weathered,0.67
BPL076A-OW,Basalt,Weathered,0.67
BPL077-OW,Basalt,Weathered,0.67
BPL078-OW,Basalt,Weathered,0.67
BPL079A-OW2016,Basalt,Unknown,0.5
BPL080-OW,Basalt,Weathered,0.67
BPL081-OW,Basalt,Weathered,1.0
BPL082A-OW2016,Basalt,Weathered,0.67
BPL083A-OW,Basalt,Weathered,0.67
BPL084-OW,Basalt,Weathered,0.67
BPL085-OW,Basalt,Weathered,0.67
BPL086A-OW2016,Basalt,Weathered,0.5
BPL087-OW,Basalt,Weathered,0.67
BPL088-OW,Basalt,Weathered,0.5
BPL089A-OW2016,Basalt,Weathered,0.67
BPL090A-OW,Basalt,Weathered,0.67
BPL091A-OW2016,Basalt,Weathered,0.67
BPL092A-OW2016,Basalt,Weathered,0.67
BPL093-OW,Basalt,Weathered,0.67
BPL094-OW,Basalt,Weathered,0.67
BPL095A-OW,Basalt,Weathered,0.67
BPL096A-OW2016,Basalt,Weathered,0.5
BPL097A-OW2016,Basalt,Weathered,0.67
BPL098-OW,Basalt,Weathered,0.67
BPL099-OW2016,Basalt,Weathered,0.67
BPL100-OW,Basalt,Weathered,0.67
BPL-PZ-01,Vindhyan,Weathered,0.8
BPL-PZ-02,Basalt,Weathered,0.6
BPL-PZ-03,Basalt,Weathered,0.6
BPL-PZ-04,Basalt,Weathered,0.6
BPL-PZ-05,Basalt,Weathered,0.67
BPL-PZ-06,Basalt,Weathered,0.5
BPL-PZ-07,Basalt,Weathered,0.71
BPL-PZ-08,Basalt,Weathered,0.6
BPL-PZ-09,Basalt,Weathered,0.6
BPL-PZ-10,Vindhyan,Weathered,0.8
BPL-PZ-11,Basalt,Weathered,0.4
BPL-PZ-12,Vindhyan,Weathered,0.75
CHHAT001-OW,Granite,Unknown,0.5
CHHAT001-PZ,Basalt,Weathered,0.5
CHHAT002-OW,Granite,Unknown,0.5
CHHAT002-PZ,Vindhyan,Weathered,0.4
CHHAT003-OW,Granite,Unknown,0.5
CHHAT003-PZ,Granite,Fractured,1.0
CHHAT004-OW,Granite,Unknown,0.5
CHHAT004-PZ,Granite,Fractured,0.8
CHHAT005-OW,Unknown,Unknown,0.0
CHHAT005-PZ,Granite,Fractured,1.0
CHHAT006-OW,Granite,Weathered,0.5
CHHAT006-PZ,Granite,Fractured,0.57
CHHAT007-OW,Granite,Weathered,0.5
CHHAT007-PZ,Granite,Weathered,0.83
CHHAT008-OW,Granite,Weathered,0.5
CHHAT.008-PZ,Granite,Unknown,0.57
CHHAT010-OW,Granite,Unknown,0.5
CHHAT011-OW,Granite,Weathered,0.5
CHHAT012-OW,Granite,Unknown,0.5
CHHAT013-OW,Granite,Unknown,0.5
CHHAT014-OW,Granite,Weathered,0.67
CHHAT015-OW,Granite,Weathered,0.5
CHHAT016-OW,Granite,Unknown,0.5
CHHAT017-OW,Granite,Unknown,0.5
CHHAT018-OW,Granite,Unknown,0.5
CHHAT019-OW,Granite,Weathered,0.67
CHHAT020-OW,Granite,Unknown,0.5
CHHAT021-OW,Granite,Weathered,0.67
CHHAT022-OW,Granite,Unknown,0.5
CHHAT023-OW,Granite,Unknown,0.5
CHHAT024-OW,Granite,Unknown,0.5
CHHAT025-OW,Granite,Unknown,0.5
CHHAT026-OW,Granite,Unknown,0.5
CHHAT027-OW,Granite,Weathered,0.5
CHHAT028-OW,Granite,Unknown,0.5
CHHAT029-OW,Granite,Unknown,0.5
CHHAT030-OW,Granite,Unknown,0.5
CHHAT032-OW,Granite,Unknown,0.5
CHHAT033A-OW,Granite,Unknown,0.5
CHHAT034-OW,Granite,Weathered,0.67
CHHAT035-OW,Granite,Unknown,0.5
CHHAT036-OW,Granite,Unknown,0.5
CHHAT037-OW,Granite,Unknown,0.5
CHHAT038-OW,Vindhyan,Weathered,1.0
CHHAT039-OW,Granite,Unknown,0.5
CHHAT040-OW,Granite,Weathered,0.67
CHHAT041-OW,Granite,Unknown,0.67
CHHAT042-OW,Vindhyan,Unknown,1.0
CHHAT043-OW,Vindhyan,Unknown,1.0
CHHAT044-OW,Granite,Weathered,0.5
CHHAT045-OW,Vindhyan,Unknown,1.0
CHHAT046-OW,Vindhyan,Unknown,1.0
CHHAT047-OW,Vindhyan,Unknown,1.0
CHHAT048-OW,Vindhyan,Unknown,0.5
CHHAT049-OW,Vindhyan,Weathered,0.67
CHHAT050-OW,Vindhyan,Unknown,0.5
CHHAT051-OW,Granite,Unknown,0.5
CHHAT052-OW,Granite,Unknown,0.5
CHHAT053-OW,Granite,Unknown,0.67
CHHAT054-OW,Granite,Unknown,0.67
CHHAT055-OW,Granite,Unknown,0.5
CHHAT056-OW,Granite,Unknown,0.5
CHHAT057-OW,Granite,Unknown,0.67
CHHAT058-OW,Granite,Unknown,0.67
CHHAT059-OW,Granite,Weathered,0.67
CHHAT060-OW,Granite,Weathered,0.67
CHHAT061-OW,Granite,Weathered,0.67
CHHAT062-OW,Granite,Weathered,0.67
CHHAT063-OW,Granite,Weathered,0.67
CHHAT064-OW,Granite,Unknown,0.5
CHHAT065-OW,Granite,Weathered,0.67
CHHAT066-OW,Granite,Weathered,0.5
CHHAT067-OW,Granite,Weathered,0.67
CHHAT068-OW,Granite,Weathered,0.67
CHHAT069-OW,Granite,Weathered,0.67
CHHAT070-OW,Granite,Unknown,0.67
CHHAT071-OW,Granite,Weathered,0.67
CHHAT072-OW,Granite,Weathered,0.67
CHHAT073-OW,Granite,Weathered,0.67
CHHAT074-OW,Granite,Weathered,0.67
CHHAT075-OW,Granite,Weathered,0.67
CHHAT076-OW,Granite,Weathered,0.67
CHHAT077-OW,Granite,Weathered,0.67
CHHAT078-OW,Granite,Unknown,0.67
CHHAT079-OW,Granite,Unknown,0.33
CHHAT080-OW,Granite,Weathered,0.5
CHHAT081-OW,Granite,Weathered,0.67
CHHAT082-OW,Granite,Weathered,0.67
CHHAT083A-OW,Granite,Weathered,0.67
CHHAT084-OW,Granite,Weathered,0.67
CHHAT085-OW,Granite,Weathered,0.67
CHHAT086-OW,Granite,Weathered,0.67
CHHAT087-OW,Granite,Weathered,0.67
CHHAT089-OW,Granite,Weathered,0.67
CHHAT090-OW,Granite,Weathered,0.67
CHHAT091-OW,Granite,Weathered,0.67
CHHAT092-OW,Granite,Unknown,0.5
CHHAT093-OW,Granite,Unknown,0.5
CHHAT094-OW,Granite,Weathered,0.5
CHHAT095-OW,Granite,Unknown,0.5
CHHAT096-OW,Granite,Unknown,0.5
CHHAT097-OW,Granite,Unknown,0.5
CHHAT098-OW,Granite,Unknown,0.5
CHHAT099-OW,Granite,Unknown,0.5
CHHAT09-OW,Granite,Unknown,0.5
CHHAT100-OW,Granite,Unknown,0.5
CHHAT101-OW,Granite,Weathered,0.5
CHHATO31-OW,Granite,Weathered,0.67
PANNA001A-OW,Granite,Weathered,0.5
PANNA002A-OW,Granite,Weathered,0.5
PANNA003-OW,Granite,Weathered,1.0
PANNA004-OW,Granite,Unknown,0.5
PANNA005-OW,Granite,Unknown,0.5
PANNA006A-OW,Vindhyan,Weathered,0.5
PANNA007-OW,Granite,Unknown,0.5
PANNA008-OW,Granite,Unknown,0.5
PANNA009-OW,Granite,Unknown,0.5
PANNA010-OW,Granite,Unknown,0.5
PANNA011-OW,Vindhyan,Unknown,0.5
PANNA012-OW,Vindhyan,Unknown,0.5
PANNA013-OW,Vindhyan,Unknown,0.5
PANNA014-OW,Vindhyan,Unknown,0.5
PANNA015-OW,Vindhyan,Unknown,0.5
PANNA016-OW,Vindhyan,Weathered,0.5
PANNA017A-OW,Granite,Weathered,0.5
PANNA018-OW,Vindhyan,Unknown,1.0
PANNA019-OW,Vindhyan,Unknown,1.0
PANNA020A-OW,Vindhyan,Weathered,0.5
PANNA021-OW,Vindhyan,Weathered,0.5
PANNA022A-OW,Vindhyan,Weathered,0.5
PANNA023A-OW,Vindhyan,Weathered,0.5
PANNA024-OW,Vindhyan,Weathered,1.0
PANNA025-OW,Vindhyan,Weathered,1.0
PANNA026-OW,Vindhyan,Weathered,1.0
PANNA027A-OW,Vindhyan,Unknown,0.5
PANNA028-OW,Vindhyan,Weathered,1.0
PANNA029-OW,Vindhyan,Unknown,0.5
PANNA030-OW,Vindhyan,Unknown,0.5
PANNA031-OW,Vindhyan,Unknown,0.5
PANNA032A-OW,Vindhyan,Weathered,0.5
PANNA033-OW,Vindhyan,Unknown,0.5
PANNA034-OW,Vindhyan,Unknown,0.5
PANNA035A-OW,Vindhyan,Weathered,0.5
PANNA036A-OW,Vindhyan,Weathered,0.5
PANNA037A-OW,Vindhyan,Weathered,0.5
PANNA037-OW,Vindhyan,Unknown,0.5
PANNA038-OW,Vindhyan,Unknown,0.5
PANNA039A-OW,Vindhyan,Weathered,0.5
PANNA039-OW,Vindhyan,Unknown,0.5
PANNA040-OW,Vindhyan,Unknown,0.5
PANNA041A-OW,Vindhyan,Weathered,0.5
PANNA042A-OW,Vindhyan,Unknown,0.5
PANNA043A-OW,Vindhyan,Weathered,0.5
PANNA044A-OW,Vindhyan,Unknown,0.5
PANNA045-OW,Vindhyan,Unknown,0.5
PANNA046A-OW,Vindhyan,Unknown,0.5
PANNA047A-OW,Vindhyan,Weathered,0.5
PANNA048-OW,Vindhyan,Unknown,0.5
PANNA049-OW,Vindhyan,Unknown,0.5
PANNA050-OW,Vindhyan,Unknown,0.5
PANNA051-OW,Vindhyan,Weathered,1.0
PANNA052-OW,Granite,Weathered,0.5
PANNA053-OW,Granite,Unknown,0.5
PANNA054-OW,Granite,Unknown,0.5
PANNA055-OW,Granite,Unknown,0.5
PANNA057A-OW,Vindhyan,Weathered,0.5
PANNA058-OW,Vindhyan,Unknown,0.5
PANNA059A-OW,Vindhyan,Weathered,0.5
PANNA060A-OW,Vindhyan,Weathered,0.5
PANNA061-OW,Vindhyan,Unknown,0.5
PANNA062A-OW,Vindhyan,Weathered,0.5
PANNA063A-OW,Vindhyan,Weathered,0.5
PANNA064-OW,Vindhyan,Unknown,0.5
PANNA065A-OW,Vindhyan,Weathered,0.5
PANNA066-OW,Vindhyan,Unknown,0.5
PANNA067A-OW,Vindhyan,Weathered,0.5
PANNA068-OW,Vindhyan,Unknown,0.5
PANNA069-OW,Granite,Unknown,0.5
PANNA071A-OW,Granite,Weathered,0.5
PANNA072A-OW,Granite,Weathered,0.5
PANNA073A-OW,Granite,Weathered,0.5
PANNA074A-OW,Granite,Weathered,0.5
PANNA075A-OW,Vindhyan,Weathered,0.5
PANNA076A-OW,Vindhyan,Weathered,0.5
PANNA077-OW,Vindhyan,Unknown,0.5
PANNA078A-OW,Vindhyan,Weathered,0.5
PANNA079A-OW,Vindhyan,Weathered,0.5
PANNA080A-OW,Vindhyan,Weathered,0.5
PANNA081-OW,Vindhyan,Unknown,0.5
PANNA082A-OW,Vindhyan,Weathered,0.5
PANNA083A-OW,Vindhyan,Weathered,0.5
PANNA084A-OW,Vindhyan,Weathered,0.5
PANNA085A-OW,Vindhyan,Weathered,0.5
PANNA086A-OW,Vindhyan,Weathered,0.5
PANNA087A-OW,Vindhyan,Weathered,0.5
PANNA088-OW,Vindhyan,Unknown,0.5
PANNA089A-OW,Vindhyan,Weathered,0.5
PANNA090-OW,Vindhyan,Unknown,0.5
PANNA091A-OW,Vindhyan,Weathered,0.5
PANNA092A-OW,Vindhyan,Weathered,0.5
PANNA093A-OW,Vindhyan,Weathered,0.5
PANNA094A-OW,Vindhyan,Weathered,0.5
PANNA095-OW,Vindhyan,Weathered,0.5
PANNA096A-OW,Vindhyan,Weathered,0.5
PANNA097-OW,Vindhyan,Weathered,0.5
PANNA098A-OW,Vindhyan,Weathered,0.5
PANNA099A-OW,Vindhyan,Weathered,0.5
PANNA100A-OW,Vindhyan,Weathered,0.5
PANNA102-OW,Vindhyan,Unknown,0.5
PANNA103-OW,Granite,Unknown,0.33
PANNA104-OW,Vindhyan,Weathered,0.5
PANNA-PZ-01,Vindhyan,Weathered,1.0
PANNA-PZ-02,Vindhyan,Weathered,1.0
PANNA-PZ-03,Vindhyan,Weathered,0.91
PANOA022-OWD,Unknown,Unknown,0.0
SAGAR0010-PZ,Vindhyan,Weathered,0.6
SAGAR001-PZ,Basalt,Weathered,1.0
SAGAR002-PZ,Basalt,Weathered,0.89
SAGAR005-PZ,Basalt,Weathered,0.67
SAGAR006-PZ,Basalt,Fractured,0.75
SAGAR008,Basalt,Weathered,0.6
SAGAR009-PZ,Basalt,Weathered,0.83
SAGAR011-PZ,Vindhyan,Weathered,1.0
SAGAR012-PZ,Vindhyan,Weathered,0.67
SAGAR013-PZ,Basalt,Weathered,0.67
SAGAR014-PZ,Basalt,Weathered,0.78
SAGAR015-PZ,Basalt,Weathered,0.67
SAGAR-PDS-016-PZ,Vindhyan,Weathered,1.0
SAGAR-PDS-017-PZ,Vindhyan,Weathered,0.83
SAGAR-PDS-018-PZ,Vindhyan,Weathered,1.0
SAGAR-PDS-019-PZ,Basalt,Weathered,0.6
SAGAR-PDS-020-PZ,Vindhyan,Weathered,1.0
SAG-PZ-03,Vindhyan,Weathered,1.0
SAG-PZ-04,Vindhyan,Fractured,1.0
SAG-PZ-07,Vindhyan,Weathered,1.0
SGR001-OW,Granite,Weathered,0.5
SGR002-OW,Unknown,Unknown,0.0
SGR003-OW,Basalt,Unknown,0.5
SGR004-OW,Basalt,Unknown,0.5
SGR005-OW,Vindhyan,Unknown,0.5
SGR006-OW,Basalt,Weathered,0.67
SGR008-OW,Basalt,Weathered,0.67
SGR009-OW,Vindhyan,Weathered,1.0
SGR011-OW,Basalt,Weathered,1.0
SGR012-OW,Basalt,Weathered,0.67
SGR013-OW,Basalt,Weathered,0.67
SGR014-OW,Basalt,Weathered,1.0
SGR015-OW,Basalt,Weathered,1.0
SGR016-OW,Basalt,Weathered,0.67
SGR018-OW,Vindhyan,Unknown,1.0
SGR019-OW,Basalt,Weathered,1.0
SGR021-OW,Vindhyan,Unknown,0.5
SGR022-OW,Vindhyan,Weathered,1.0
SGR023-OW,Vindhyan,Weathered,1.0
SGR024-OW,Vindhyan,Weathered,1.0
SGR025-OW,Vindhyan,Weathered,1.0
SGR026-OW,Vindhyan,Weathered,1.0
SGR028-OW,Basalt,Unknown,0.5
SGR029-OW,Basalt,Weathered,0.5
SGR030-OW,Basalt,Weathered,1.0
SGR031-OW,Basalt,Weathered,1.0
SGR034-OW,Basalt,Weathered,1.0
SGR035-OW,Basalt,Weathered,1.0
SGR038-OW,Basalt,Weathered,1.0
SGR039-OW,Basalt,Weathered,1.0
SGR041-OW,Basalt,Unknown,0.5
SGR042-OW,Vindhyan,Weathered,1.0
SGR044-OW,Basalt,Weathered,1.0
SGR045-OW,Basalt,Weathered,1.0
SGR047-OW,Basalt,Weathered,1.0
SGR048-OW,Basalt,Weathered,1.0
SGR049-OW,Basalt,Weathered,1.0
SGR050-OW,Basalt,Weathered,1.0
SGR051-OW,Basalt,Weathered,1.0
SGR052-OW,Basalt,Weathered,1.0
SGR053-OW,Vindhyan,Weathered,1.0
SGR054-OW,Basalt,Weathered,1.0
SGR055-OW,Basalt,Weathered,1.0
SGR056-OW,Basalt,Weathered,1.0
SGR057-OW,Basalt,Weathered,1.0
SGR058-OW,Basalt,Weathered,1.0
SGR061-OW,Basalt,Weathered,1.0
SGR062-OW,Vindhyan,Weathered,0.5
SGR063-OW,Basalt,Weathered,1.0
SGR066-OW,Basalt,Weathered,1.0
SGR067-OW,Basalt,Weathered,1.0
SGR068-OW,Basalt,Weathered,1.0
SGR071-OW,Basalt,Weathered,1.0
SGR072-OW,Basalt,Weathered,1.0
SGR075-OW,Basalt,Weathered,1.0
SGR076-OW,Basalt,Weathered,1.0
SGR077-OW,Vindhyan,Weathered,1.0
SGR079-OW,Basalt,Weathered,1.0
SGR082-OW,Vindhyan,Unknown,0.67
SGR083-OW,Basalt,Unknown,0.67
SGR085A-OW,Basalt,Unknown,0.67
SGR086-OW,Basalt,Unknown,0.5
SGR087-OW,Basalt,Weathered,1.0
SGR088-OW,Basalt,Unknown,0.5
SGR089-OW,Basalt,Weathered,1.0
SGR090-OW,Vindhyan,Weathered,1.0
SGR092-OW,Basalt,Unknown,0.5
SGR093-OW,Basalt,Unknown,0.5
SGR094-OW,Basalt,Unknown,0.5
SGR095-OW,Basalt,Weathered,0.67
SGR096-OW,Vindhyan,Weathered,1.0
SGR097-OW,Basalt,Unknown,0.67
SGR098-OW,Granite,Unknown,0.5
SGR099-OW,Basalt,Unknown,0.5
SGR100-OW,Vindhyan,Weathered,0.67
SGR101-OW,Basalt,Weathered,1.0
SGR102-OW,Vindhyan,Unknown,0.5
SGR103-OW,Vindhyan,Weathered,1.0
SGR104-OW,Basalt,Weathered,0.5
SGR105-OW,Vindhyan,Weathered,1.0
SGR106-OW,Basalt,Weathered,1.0
SGR107-OW,Vindhyan,Unknown,0.5
SGR108-OW,Vindhyan,Weathered,1.0
SGR109-OW,Basalt,Unknown,0.5
SGR10A-OW,Basalt,Weathered,0.67
SGR110-OW,Basalt,Unknown,0.5
SGR112-OW,Basalt,Weathered,1.0
SGR114-OW,Basalt,Weathered,1.0
SGR116-OW,Basalt,Weathered,1.0
SGR119-OW,Basalt,Weathered,1.0
SGR120-OW,Basalt,Weathered,0.67
SGR121-OW,Basalt,Weathered,0.5
SGR122-OW,Basalt,Weathered,0.75
SGR123-OW,Basalt,Weathered,0.67
SGR124-OW,Basalt,Weathered,0.67
SGR125-OW,Basalt,Weathered,0.67
SGR126-OW,Basalt,Weathered,0.67
SGR127-OW,Basalt,Weathered,0.67
SGR128-OW,Basalt,Weathered,0.67
SGR129-OW,Basalt,Weathered,1.0
SGUN001-OW,Basalt,Weathered,1.0
SGUN001-PZ,Basalt,Weathered,0.62
SGUN002-OW,Basalt,Weathered,1.0
SGUN002-PZ,Basalt,Weathered,0.83
SGUN003-OW,Basalt,Weathered,1.0
SGUN003-PZ,Basalt,Weathered,0.5
SGUN004-OW,Basalt,Weathered,1.0
SGUN004-PZ,Basalt,Weathered,1.0
SGUN005-OW,Basalt,Weathered,1.0
SGUN005-PZ,Basalt,Weathered,0.75
SGUN006A-OW,Basalt,Weathered,1.0
SGUN006-PZ,Basalt,Weathered,0.78
SGUN007-OW,Basalt,Weathered,1.0
SGUN007-PZ,Basalt,Weathered,0.83
SGUN008-OW,Basalt,Weathered,1.0
SGUN008-PZ,Basalt,Weathered,0.82
SGUN009A-PZ,Unknown,Unknown,0.0
SGUN009-OW,Basalt,Weathered,1.0
SGUN009-PZ,Basalt,Weathered,0.5
SGUN010-OW,Basalt,Weathered,1.0
SGUN011A-OW,Basalt,Weathered,1.0
SGUN012-OW,Basalt,Weathered,1.0
SGUN013A-OW,Basalt,Weathered,1.0
SGUN014-OW,Basalt,Weathered,1.0
SGUN015-OW,Basalt,Weathered,1.0
SGUN016-OW,Basalt,Weathered,1.0
SGUN017A-OW,Basalt,Weathered,1.0
SGUN018-OW,Basalt,Weathered,1.0
SGUN019-OW,Basalt,Weathered,1.0
SGUN020A-OW,Basalt,Weathered,1.0
SGUN021-OW,Basalt,Weathered,1.0
SGUN022-OW,Basalt,Weathered,1.0
SGUN023-OW,Basalt,Weathered,1.0
SGUN024-OW,Basalt,Weathered,1.0
SGUN025-OW,Basalt,Weathered,1.0
SGUN026-OW,Basalt,Weathered,1.0
SGUN027-OW,Basalt,Weathered,1.0
SGUN028-OW,Basalt,Weathered,1.0
SGUN029-OW,Basalt,Weathered,1.0
SGUN030-OW,Basalt,Weathered,1.0
SGUN031-OW,Basalt,Weathered,1.0
SGUN032-OW,Basalt,Weathered,1.0
SGUN033-OW,Basalt,Weathered,1.0
SGUN034-OW,Basalt,Weathered,1.0
SGUN035-OW,Basalt,Weathered,1.0
SGUN036-OW,Unknown,Unknown,0.0
SGUN037-OW,Basalt,Weathered,1.0
SGUN038-OW,Basalt,Weathered,1.0
SGUN039-OW,Basalt,Weathered,1.0
SGUN040A-OW,Basalt,Weathered,1.0
SGUN041-OW,Basalt,Weathered,1.0
SGUN042-OW,Basalt,Weathered,1.0
SGUN043-OW,Basalt,Weathered,1.0
SGUN044-OW,Basalt,Weathered,1.0
SGUN045A-OW,Basalt,Weathered,1.0
SGUN046-OW,Basalt,Weathered,1.0
SGUN047-OW,Basalt,Weathered,1.0
SGUN048A-OW,Basalt,Weathered,1.0
SGUN049A-OW,Basalt,Weathered,1.0
SGUN050-OW,Basalt,Weathered,1.0
SGUN051-OW,Basalt,Weathered,1.0
SGUN052-OW,Basalt,Weathered,1.0
SGUN053A-OW,Basalt,Weathered,1.0
SGUN054-OW,Basalt,Weathered,1.0
SGUN055-OW,Basalt,Weathered,1.0
SGUN056-OW,Basalt,Weathered,1.0
SGUN057-OW,Basalt,Weathered,1.0
SGUN058-OW,Basalt,Weathered,1.0
SGUN059-OW2016,Basalt,Weathered,1.0
SGUN060-OW2016,Basalt,Weathered,1.0
SGUN061-OW2016,Basalt,Weathered,1.0
SGUN062-OW2016,Basalt,Weathered,1.0
SGUN063-OW2016,Basalt,Weathered,1.0
SGUN064-OW2016,Basalt,Weathered,1.0
SGUN065-OW2016,Basalt,Weathered,1.0
SGUN066-OW2016,Basalt,Weathered,1.0
SGUN067-OW2016,Basalt,Weathered,1.0
SGUN068-OW2016,Basalt,Weathered,1.0
SGUN069-OW2016,Basalt,Weathered,1.0
SGUN070-OW2016,Basalt,Weathered,1.0
SGUN071-OW2016,Basalt,Weathered,1.0
SGUN072-OW2016,Basalt,Weathered,1.0
SGUN073-OW2016,Basalt,Weathered,1.0
SGUN074-OW2016,Basalt,Weathered,1.0
SGUN075-OW2016,Basalt,Weathered,1.0
SGUN076-OW2016,Basalt,Weathered,1.0
SGUN077-OW2016,Basalt,Weathered,1.0
SGUN078-OW2016,Basalt,Weathered,1.0
SGUN079-OW2016,Basalt,Weathered,1.0
SGUN080-OW2016,Basalt,Weathered,1.0
SGUN081-OW2016,Basalt,Weathered,1.0
SGUN082-OW2016,Basalt,Weathered,1.0
SGUN083-OW2016,Basalt,Weathered,1.0
SGUN084-OW2016,Basalt,Weathered,1.0
SGUN085-OW2016,Basalt,Weathered,1.0
SGUN086-OW2016,Basalt,Weathered,1.0
SGUN087-OW2016,Basalt,Weathered,1.0
SGUN088-OW2016,Basalt,Weathered,1.0
SGUN089-OW2016,Basalt,Weathered,1.0
SGUN090-OW2016,Basalt,Weathered,1.0
SGUN091-OW2016,Basalt,Weathered,1.0
SGUN092-OW2016,Basalt,Weathered,1.0
SGUN093-OW2016,Basalt,Weathered,1.0
SGUN094-OW2016,Basalt,Weathered,1.0
SGUN095-OW2016,Basalt,Weathered,1.0
SGUN096-OW2016,Basalt,Weathered,1.0
SGUN097-OW2016,Basalt,Weathered,1.0
SGUN098-OW2016,Basalt,Weathered,1.0
SGUN099-OW2016,Basalt,Weathered,1.0
SGUN100-OW2016,Basalt,Weathered,1.0
SGWL001-PZ,Vindhyan,Fractured,0.6
SGWL002-PZ,Vindhyan,Weathered,0.2
SGWL003A-OW,Vindhyan,Weathered,0.5
SGWL003-PZ,Vindhyan,Weathered,0.6
SGWL004A-OW,Vindhyan,Weathered,0.67
SGWL004-PZ,Vindhyan,Weathered,0.5
SGWL005-PZ,Vindhyan,Weathered,0.25
SGWL006-PZ,Granite,Weathered,0.5
SGWL007-OW,Vindhyan,Weathered,0.5
SGWL007-PZ,Vindhyan,Fractured,0.71
SGWL009A-OW,Vindhyan,Unknown,0.67
SGWL011A-OW,Vindhyan,Weathered,1.0
SGWL012-OW,Vindhyan,Weathered,0.5
SGWL015A-OW,Granite,Weathered,0.33
SGWL016A-OW,Granite,Weathered,0.33
SGWL017-OW,Granite,Weathered,0.33
SGWL018-OW,Granite,Weathered,0.33
SGWL021-OW,Vindhyan,Weathered,0.67
SGWL022-OW,Vindhyan,Weathered,0.67
SGWL023-OW,Granite,Weathered,0.33
SGWL024-OW,Granite,Weathered,0.67
SGWL025-OW,Vindhyan,Weathered,0.67
SGWL026-OW,Vindhyan,Weathered,0.67
SGWL027-OW,Vindhyan,Weathered,0.5
SGWL028-OW,Vindhyan,Weathered,0.67
SGWL030A-OW,Vindhyan,Weathered,0.67
SGWL031A-OW,Vindhyan,Weathered,0.75
SGWL032A-OW,Vindhyan,Weathered,0.5
SGWL033A-OW,Vindhyan,Weathered,0.67
SGWL034A-OW,Vindhyan,Weathered,0.67
SGWL035A-OW,Vindhyan,Weathered,0.5
SGWL036A-OW,Vindhyan,Weathered,0.67
SGWL037-OW,Vindhyan,Weathered,0.75
SGWL038-OW,Vindhyan,Weathered,0.67
SGWL039-OW,Vindhyan,Weathered,0.67
SGWL040A-OW,Vindhyan,Weathered,0.75
SGWL041-OW,Vindhyan,Weathered,0.67
SGWL042-OW,Vindhyan,Weathered,0.67
SGWL043A-OW,Vindhyan,Weathered,0.5
SGWL044-OW,Vindhyan,Weathered,0.67
SGWL045-OW,Vindhyan,Weathered,0.67
SGWL046-OW,Vindhyan,Weathered,0.67
SGWL047A-OW,Vindhyan,Weathered,0.67
SGWL048-OW,Vindhyan,Weathered,0.67
SGWL049-OW,Vindhyan,Weathered,0.67
SGWL050A-OW,Vindhyan,Weathered,0.67
SGWL051-OW,Vindhyan,Weathered,0.67
SGWL052-OW,Vindhyan,Weathered,0.67
SGWL053-OW,Vindhyan,Weathered,0.5
SGWL054-OW,Vindhyan,Weathered,0.67
SGWL055-OW,Vindhyan,Unknown,0.5
SGWL056A-OW,Vindhyan,Weathered,0.67
SGWL057-OW,Vindhyan,Weathered,0.5
SGWL063A-OW,Vindhyan,Weathered,0.67
SGWL064-OW,Vindhyan,Weathered,0.5
SGWL066-OW,Vindhyan,Weathered,0.67
SGWL068-OW,Vindhyan,Weathered,0.67
SGWL069-OW,Vindhyan,Weathered,0.67
SGWL070A-OW,Vindhyan,Weathered,0.75
SGWL071-OW,Vindhyan,Weathered,0.75
SGWL072-OW,Vindhyan,Weathered,0.75
SGWL073-OW,Vindhyan,Weathered,0.75
SGWL074A-OW,Vindhyan,Weathered,0.75
SGWL075-OW,Vindhyan,Weathered,0.67
SGWL076A-OW,Vindhyan,Weathered,0.67
SGWL078-OW,Vindhyan,Weathered,0.67
SGWL079-OW,Vindhyan,Weathered,0.5
SGWL082A-OW,Vindhyan,Weathered,0.5
SGWL083-OW,Vindhyan,Weathered,0.67
SGWL084-OW,Vindhyan,Weathered,0.75
SGWL085-OW,Vindhyan,Weathered,0.75
SGWL086-OW,Vindhyan,Weathered,0.67
SGWL087-OW,Vindhyan,Weathered,0.67
SGWL089-OW,Vindhyan,Weathered,0.5
SGWL090-OW,Vindhyan,Weathered,0.5
SGWL091-OW,Vindhyan,Weathered,0.75
SGWL092-OW,Vindhyan,Weathered,0.67
SGWL093-OW,Vindhyan,Weathered,0.67
SGWL094-OW,Vindhyan,Weathered,0.67
SGWL095-OW,Vindhyan,Weathered,0.67
SGWL096-OW,Vindhyan,Weathered,0.67
SGWL097-OW,Vindhyan,Weathered,0.67
SGWL098-OW,Vindhyan,Weathered,0.67
SGWL099-OW,Vindhyan,Weathered,0.5
SGWL100-OW,Vindhyan,Weathered,0.5
SGWL101-OW,Vindhyan,Weathered,0.5
SGWL102-OW,Vindhyan,Weathered,0.67
SGWL103-OW,Vindhyan,Weathered,0.67
SGWL104-OW,Vindhyan,Weathered,0.67
SGWL105-OW,Vindhyan,Weathered,0.67
SGWL106-OW,Vindhyan,Weathered,0.5
SGWL107-OW,Vindhyan,Weathered,0.67
SGWL108-OW,Vindhyan,Weathered,0.67
SGWL109-OW,Vindhyan,Weathered,0.67
SGWL110-OW,Vindhyan,Weathered,0.5
SGWL111-OW,Vindhyan,Weathered,0.67
SGWL112-OW,Vindhyan,Weathered,0.67
SGWL113-OW,Vindhyan,Weathered,0.75
SGWL114-OW,Vindhyan,Weathered,0.67
SGWL115-OW,Vindhyan,Weathered,0.67
SGWL116-OW,Vindhyan,Weathered,0.67
SGWL117-OW,Vindhyan,Weathered,0.67
SGWL118-OW,Vindhyan,Weathered,0.5
SGWL119-OW,Vindhyan,Weathered,0.67
SGWL120-OW,Vindhyan,Weathered,1.0
SGWL121-OW,Vindhyan,Weathered,0.67
SGWL122-OW,Vindhyan,Weathered,0.67
SIND001-OW,Basalt,Weathered,0.6
SIND-001-PZ,Basalt,Weathered,0.78
SIND-002-PZ,Basalt,Weathered,0.57
SIND-003-PZ,Basalt,Fractured,0.78
SIND-004-A-PZ,Basalt,Weathered,0.71
SIND-004-B-PZ,Basalt,Fractured,0.87
SIND-004-C-PZ,Basalt,Fractured,0.82
SIND-005-PZ,Basalt,Fractured,0.67
SIND-006-PZ,Basalt,Fractured,0.75
SIND007-OW,Basalt,Weathered,0.6
SIND-007-PZ,Basalt,Fractured,0.75
SIND-008-PZ,Basalt,Fractured,0.78
SIND-009-PZ,Basalt,Fractured,0.62
SIND-010-PZ,Basalt,Fractured,0.89
SIND-011-PZ,Basalt,Fractured,0.89
SIND-012-PZ,Basalt,Fractured,0.67
SIND-013-PZ,Basalt,Fractured,0.7
SIND014-OW,Basalt,Weathered,0.5
SIND-014-PZ,Basalt,Fractured,0.85
SIND-015-PZ,Basalt,Fractured,0.8
SIND-016-PZ,Basalt,Fractured,0.56
SIND017-OW,Basalt,Weathered,0.5
SIND-017-PZ,Basalt,Fractured,0.67
SIND-018-PZ,Basalt,Fractured,0.75
SIND-019-A-PZ,Basalt,Fractured,0.67
SIND-019-B-PZ,Basalt,Fractured,0.85
SIND-019-C-PZ,Basalt,Fractured,0.8
SIND-020-PZ,Basalt,Fractured,0.57
SIND021-OW,Basalt,Weathered,0.5
SIND-021-PZ,Basalt,Fractured,0.82
SIND-022-PZ,Basalt,Fractured,1.0
SIND-023-PZ,Basalt,Fractured,0.88
SIND024-OW,Basalt,Weathered,0.67
SIND-024-PZ,Basalt,Fractured,1.0
SIND025-OW,Basalt,Weathered,0.5
SIND-025-PZ,Basalt,Fractured,0.78
SIND026-OW,Basalt,Weathered,0.5
SIND-026-PZ,Basalt,Fractured,0.67
SIND027-OW,Basalt,Weathered,0.5
SIND-027-PZ,Basalt,Fractured,0.67
SIND-028-PZ,Basalt,Fractured,0.62
SIND-029-PZ,Basalt,Fractured,0.5
SIND030-OW,Basalt,Weathered,0.5
SIND-030-PZ,Basalt,Fractured,0.67
SIND-031-PZ,Basalt,Fractured,0.88
SIND-032-PZ,Basalt,Fractured,0.56
SIND-033-PZ,Basalt,Fractured,0.55
SIND-034-PZ,Basalt,Fractured,0.64
SIND-035-NEW,Basalt,Fractured,0.67
SIND-035-PZ,Basalt,Fractured,0.62
SIND-036-PZ,Basalt,Fractured,1.0
SIND-037-PZ,Basalt,Fractured,0.71
SIND-038-PZ,Basalt,Fractured,0.89
SIND-039-A-PZ,Basalt,Fractured,0.91
SIND-039-B-PZ,Basalt,Fractured,0.94
SIND-040-PZ,Basalt,Fractured,0.92
SIND041-OW,Basalt,Weathered,0.75
SIND050-OW,Basalt,Weathered,0.75
SIND060-OW,Basalt,Weathered,0.5
SIND064-OW,Vindhyan,Weathered,0.67
SIND067-OW,Basalt,Weathered,0.5
SIND-06-PTW,Unknown,Unknown,0.0
SIND070-OW,Basalt,Weathered,0.6
SIND071-OW,Basalt,Weathered,0.6
SIND072-OW,Basalt,Weathered,0.6
SIND074-OW,Basalt,Weathered,0.6
SIND075-OW,Basalt,Weathered,0.6
SIND076-OW,Basalt,Weathered,0.6
SIND101-OW,Basalt,Weathered,0.5
SIND102-OW,Basalt,Weathered,0.5
SIND104-OW,Basalt,Weathered,0.67
SIND105-OW,Basalt,Weathered,0.6
SIND107-OW,Basalt,Weathered,0.6
SIND108-OW,Basalt,Weathered,0.67
SIND109-OW,Vindhyan,Weathered,0.6
SIND112-OW,Basalt,Weathered,0.5
SIND114-OW,Basalt,Weathered,0.5
SIND117-OW,Basalt,Weathered,0.6
SIND118-OW,Basalt,Weathered,0.33
SIND119-OW,Basalt,Weathered,0.5
SIND121-OW,Basalt,Weathered,0.5
SIND123-OW,Vindhyan,Weathered,0.75
SIND124-OW,Vindhyan,Weathered,0.75
SIND125-OW,Basalt,Weathered,0.5
SIND126-OW,Vindhyan,Weathered,0.6
SIND128-OW,Basalt,Weathered,0.5
SIND129-OW,Basalt,Weathered,0.5
SIND130-OW,Basalt,Weathered,0.5
SIND131-OW,Basalt,Weathered,0.5
SIND132-OW,Basalt,Weathered,0.5
SIND135-OW,Vindhyan,Weathered,0.67
SIND136-OW,Basalt,Weathered,0.5
SIND138-OW,Vindhyan,Weathered,0.67
SIND139-OW,Basalt,Weathered,0.6
SIND140-OW,Basalt,Weathered,0.6
SIND141-OW,Basalt,Weathered,0.5
SIND142-OW,Basalt,Weathered,0.6
SIND143-OW,Basalt,Weathered,0.6
SIND144-OW,Basalt,Weathered,0.6
SIND145-OW,Basalt,Weathered,0.6
SIND146-OW,Basalt,Weathered,0.6
SIND147-OW,Basalt,Weathered,0.5
SIND148-OW,Basalt,Weathered,0.6
SIND149-OW,Basalt,Weathered,0.67
SIND150-OW,Basalt,Weathered,0.5
SIND151-OW,Basalt,Weathered,0.5
SIND152-OW,Basalt,Weathered,0.5
SIND153-OW,Basalt,Weathered,0.5
SIND154-OW,Basalt,Weathered,0.6
SIND155-OW,Basalt,Weathered,0.6
SIND156-OW,Basalt,Weathered,0.75
SIND157-OW,Basalt,Weathered,0.5
SIND158-OW,Basalt,Weathered,0.67
SIND160OW,Basalt,Weathered,0.75
SIND162-OW,Basalt,Weathered,0.75
SIND163-OW,Vindhyan,Weathered,0.75
SIND165-OW,Basalt,Weathered,0.6
SIND166-OW,Vindhyan,Weathered,0.75
SIND167-OW,Vindhyan,Weathered,0.67
SIND168-OW,Vindhyan,Weathered,0.6
SIND171-OW,Basalt,Weathered,0.75
SIND172-OW,Basalt,Weathered,0.5
SIND174-OW,Vindhyan,Weathered,0.75
SIND176-OW,Vindhyan,Weathered,0.67
SIND177-OW,Vindhyan,Weathered,0.67
SIND178-OW,Basalt,Weathered,0.5
SIND179-OW,Basalt,Weathered,0.5
SIND180-OW,Basalt,Weathered,0.6
SIND181-OW,Basalt,Weathered,0.6
SIND182-OW,Basalt,Weathered,0.6
SIND183-OW,Basalt,Weathered,0.5
SIND184--OW,Basalt,Weathered,0.6
SIND185-OW,Basalt,Weathered,0.6
SIND186-OW,Basalt,Weathered,0.6
SIND187-OW,Basalt,Weathered,0.6
SIND188-OW,Basalt,Weathered,0.6
SIND189-OW,Basalt,Weathered,0.5
SIND190-OW,Basalt,Weathered,0.6
SIND191_OW,Basalt,Weathered,0.67
SIND192-OW,Basalt,Weathered,0.6
SIND193OWNEW2016,Basalt,Weathered,0.5
SIND194-OWNEW2016,Basalt,Weathered,0.6
SIND195-OWNEW2016,Basalt,Weathered,0.5
SIND196-OWNEW2016,Basalt,Weathered,0.6
SIND197-OWNEW2016,Basalt,Weathered,0.5
SIND198-OWNEW2016,Basalt,Weathered,0.6
SIND199-OWNEW2016,Basalt,Weathered,0.6
SIND-34-PTW-NEW,Basalt,Weathered,0.89
SIND-PTW-01NEW,Basalt,Fractured,0.88
SIND-PTW-07,Basalt,Weathered,1.0
SIND-PTW-18,Basalt,Weathered,1.0
SIND-PTW-21-NEW,Basalt,Fractured,1.0
SIND-PTW38-PZ,Basalt,Fractured,0.67
SJBP001-OW-B,Vindhyan,Weathered,0.5
SJBP002-OW-AA,Unknown,Unknown,0.0
SJBP003-OW,Basalt,Weathered,0.33
SJBP004-OW-A,Basalt,Weathered,0.33
SJBP005-OW-A,Basalt,Weathered,0.5
SJBP006-OW-A,Basalt,Weathered,0.6
SJBP007-OW,Basalt,Weathered,0.4
SJBP008-OW,Vindhyan,Weathered,0.8
SJBP009-OWA,Unknown,Unknown,0.0
SJBP010-OW,Vindhyan,Weathered,0.5
SJBP011-OW-A,Vindhyan,Weathered,0.86
SJBP012-OW-A,Basalt,Weathered,0.33
SJBP013-OW,Basalt,Weathered,0.5
SJBP014-OW,Granite,Unknown,0.67
SJBP015-OW,Vindhyan,Weathered,0.86
SJBP016-OW-B,Granite,Weathered,0.5
SJBP017-OW-A,Granite,Weathered,0.5
SJBP018-OWNEW,Vindhyan,Unknown,0.5
SJBP019-OWNEW,Vindhyan,Unknown,0.67
SJBP020-OWNEW,Vindhyan,Unknown,0.5
SJBP021-OWNEW,Vindhyan,Unknown,0.67
SJBP022-OWNEW,Vindhyan,Unknown,0.5
SJBP023-OW,Vindhyan,Weathered,0.88
SJBP024-OWNEW,Unknown,Unknown,0.0
SJBP025-OWNEW,Unknown,Unknown,0.0
SJBP026-OW-A,Vindhyan,Weathered,0.83
SJBP027-OWNEW,Unknown,Unknown,0.0
SJBP028-OW-A,Vindhyan,Weathered,0.67
SJBP029-OW-B,Vindhyan,Weathered,0.75
SJBP030-OW-C,Vindhyan,Weathered,0.83
SJBP031-OW,Vindhyan,Weathered,0.8
SJBP032-OW,Vindhyan,Weathered,0.67
SJBP033-OW-A,Vindhyan,Weathered,0.8
SJBP034-OW-A,Vindhyan,Weathered,0.67
SJBP035-OW-A,Vindhyan,Weathered,0.75
SJBP036-OW-A,Vindhyan,Weathered,0.75
SJBP037-OW,Vindhyan,Weathered,0.75
SJBP038-OWNEW,Unknown,Unknown,0.0
SJBP039-OWNEW,Unknown,Unknown,0.0
SJBP040-OWNEW,Unknown,Unknown,0.0
SJBP041-OWNEW,Unknown,Unknown,0.0
SJBP042-OWNEW,Unknown,Unknown,0.0
SJBP043-OWNEW,Unknown,Unknown,0.0
SJBP044-OWNEW,Unknown,Unknown,0.0
SJBP045-OWNEW,Unknown,Unknown,0.0
SJBP046-OWNEW,Unknown,Unknown,0.0
SJBP047-OWNEW,Basalt,Unknown,0.5
SJBP048-OWNEW,Basalt,Weathered,0.5
SJBP049-OWNEW,Basalt,Weathered,0.5
SJBP050-OWNEW,Basalt,Weathered,0.5
SJBP051-OWNEW,Basalt,Weathered,0.5
SJBP052-OWNEW,Basalt,Weathered,0.5
SJBP053-OW-C,Basalt,Weathered,0.67
SJBP054-OW-A,Vindhyan,Weathered,0.75
SJBP055-OW,Vindhyan,Weathered,0.8
SJBP056-OW-A,Vindhyan,Weathered,0.83
SJBP057-OW,Basalt,Weathered,0.33
SJBP058-OW-A,Basalt,Weathered,0.67
SJBP059-OW-A,Basalt,Weathered,0.5
SJBP060-OW,Basalt,Weathered,0.5
SJBP061-OW-B,Vindhyan,Weathered,0.5
SJBP062-OW,Basalt,Weathered,0.5
SJBP063-OWNEW,Basalt,Weathered,0.5
SJBP064-OW,Vindhyan,Weathered,0.67
SJBP065-OW,Vindhyan,Weathered,0.8
SJBP066-OW,Vindhyan,Weathered,0.88
SJBP067-OW-A,Vindhyan,Weathered,0.86
SJBP068-OW-A,Vindhyan,Weathered,0.67
SJBP069-OW,Vindhyan,Weathered,0.89
SJBP070-OW-A,Granite,Weathered,0.4
SJBP071-OW-A,Granite,Weathered,0.5
SJBP072-OWNEW,Unknown,Unknown,0.0
SJBP073-OWNEW,Vindhyan,Unknown,0.25
SJBP074-OWNEW,Vindhyan,Unknown,0.33
SJBP075-OWNEW,Vindhyan,Weathered,0.33
SJBP076-OWNEW,Vindhyan,Weathered,0.33
SJBP0770OWNEW,Vindhyan,Weathered,0.33
SJBP078-OWNEW,Vindhyan,Weathered,0.33
SJBP079-OWNEW,Unknown,Unknown,0.0
SJBP080-OWNEW,Unknown,Unknown,0.0
SJBP081-OW-C,Unknown,Unknown,0.0
SJBP082-OW-A,Vindhyan,Weathered,0.8
SJBP083-OWB,Unknown,Unknown,0.0
SJBP084-OW-A,Vindhyan,Weathered,0.89
SJBP085-OW,Vindhyan,Weathered,0.83
SJBP086-OWNEW,Unknown,Unknown,0.0
SJBP087-OW-B,Vindhyan,Unknown,0.33
SJBP088-OWNEW,Unknown,Unknown,0.0
SJBP089-OWNEW,Unknown,Unknown,0.0
SJBP090-OWNEW,Unknown,Unknown,0.0
SJBP091-OWNEW,Unknown,Unknown,0.0
SJBP092-OWNEW,Unknown,Unknown,0.0
SJBP093-OWNEW,Unknown,Unknown,0.0
SJBP094-OWNEW,Basalt,Weathered,0.5
SJBP095-OWNEW,Basalt,Weathered,0.33
SJBP096-OWNEW,Basalt,Weathered,0.33
SJBP097-OWNEW,Basalt,Weathered,0.5
SJBP098-OWNEW,Basalt,Weathered,0.5
SJBP099-OWNEW,Basalt,Weathered,0.33
SJBP100-OWNEW,Basalt,Unknown,0.5
SJBPL001-PZ,Basalt,Weathered,0.87
SJBPL002-PZ,Vindhyan,Weathered,0.93
SJBPL003-PZ,Unknown,Weathered,0.0
SJBPL004-PZ,Vindhyan,Weathered,0.94
SJBPL005-PZ,Vindhyan,Weathered,0.86
SJBPL006-PZ,Basalt,Weathered,0.8
SJBPL006-PZ-D,Basalt,Weathered,0.9
SJBPL007-PZ,Unknown,Weathered,0.0
SJBPL008-PZ,Vindhyan,Weathered,0.88
SJBPL008PZ-D,Unknown,Fractured,0.0
SJBPL009-PZ,Vindhyan,Weathered,0.6
SJBPL009-PZ-D,Vindhyan,Fractured,0.27
SJBPL010-PZ,Basalt,Weathered,0.8
SJBPL011-PZ,Basalt,Weathered,0.87
SJBPL012-PZ,Vindhyan,Weathered,0.8
SJBPL013-PZ,Vindhyan,Weathered,0.87
SJBPL013PZ-D,Vindhyan,Fractured,0.96
SJBPL014-PZ,Unknown,Weathered,0.0
SJBPL015-PZ,Granite,Weathered,0.42
SJBPL016-PZ,Vindhyan,Weathered,0.44
SJBPL017-PZ,Vindhyan,Weathered,0.62
SJBPL018-PZ,Vindhyan,Weathered,0.2
SJBPL019-PZ,Vindhyan,Weathered,0.5
SJBPL019PZ-D,Vindhyan,Fractured,0.23
SJBPL020-PZ,Vindhyan,Weathered,0.69
SJBPL021-PZ,Vindhyan,Weathered,0.93
SJBPL022-PZ,Vindhyan,Weathered,0.95
SJBPL023-PZ,Basalt,Weathered,0.98
SJBPL023PZ-D,Basalt,Weathered,0.96
SJBPL024-PZ,Vindhyan,Fractured,0.82
SJBPLO25-PZ,Vindhyan,Fractured,0.6
SUJN001A-OW,Basalt,Weathered,0.67
SUJN-001-PZ,Basalt,Fractured,0.86
SUJN002-OW,Basalt,Weathered,0.75
SUJN-002-PZ,Basalt,Fractured,0.83
SUJN003-OW,Basalt,Weathered,0.8
SUJN-003-PZ,Basalt,Fractured,1.0
SUJN004-OW,Basalt,Weathered,0.8
SUJN-004-PZ,Basalt,Fractured,0.75
SUJN-005-PZ,Basalt,Fractured,0.67
SUJN006A-OW,Basalt,Weathered,0.8
SUJN-006-PZ,Basalt,Fractured,0.71
SUJN007-OW,Basalt,Weathered,0.75
SUJN-007-PZ,Basalt,Fractured,0.62
SUJN008-OW,Basalt,Weathered,0.75
SUJN-008-PZ,Basalt,Fractured,0.8
SUJN-009-PZ,Basalt,Fractured,0.6
SUJN010-OW,Basalt,Weathered,0.75
SUJN010-OW-A,Basalt,Weathered,0.67
SUJN-010-PZ,Basalt,Fractured,0.62
SUJN011-OW,Basalt,Weathered,0.67
SUJN-011-PZ,Basalt,Weathered,0.5
SUJN-012-PZ,Basalt,Weathered,0.57
SUJN013-OW,Basalt,Weathered,0.67
SUJN-013-PZ,Basalt,Weathered,0.6
SUJN014-OW,Basalt,Weathered,0.75
SUJN-014-PZ,Basalt,Weathered,0.8
SUJN-015-PZ,Basalt,Weathered,0.71
SUJN-016-PZ,Basalt,Weathered,0.67
SUJN-017-PZ,Basalt,Weathered,0.83
SUJN-018-PZ,Basalt,Weathered,0.75
SUJN019-OW,Basalt,Weathered,0.75
SUJN-019-PZ,Basalt,Weathered,0.6
SUJN-020-PZ,Basalt,Fractured,0.8
SUJN-021-PZ,Basalt,Weathered,0.8
SUJN022-OW,Basalt,Weathered,0.8
SUJN-022-PZ,Basalt,Fractured,0.82
SUJN023-OW,Basalt,Weathered,0.75
SUJN-023-PZ,Basalt,Fractured,0.79
SUJN025-OW,Basalt,Weathered,0.75
SUJN026-OW,Basalt,Weathered,0.75
SUJN027-OW,Basalt,Weathered,1.0
SUJN029-OW,Basalt,Weathered,0.67
SUJN034-OW,Basalt,Weathered,0.75
SUJN035-OW,Basalt,Weathered,0.75
SUJN036-OW,Basalt,Weathered,0.67
SUJN040-OW,Basalt,Weathered,0.75
SUJN041-OW,Basalt,Weathered,0.75
SUJN044-OW,Basalt,Weathered,0.75
SUJN047-OW,Basalt,Weathered,0.67
SUJN048-OW,Basalt,Weathered,0.6
SUJN051-OW,Basalt,Weathered,0.6
SUJN052-OW,Basalt,Weathered,0.75
SUJN053-OW,Basalt,Weathered,0.8
SUJN055-OW,Basalt,Weathered,0.67
SUJN056-OW,Basalt,Weathered,0.5
SUJN057-OW,Basalt,Weathered,0.8
SUJN059-OW,Basalt,Weathered,0.75
SUJN060-OW,Basalt,Weathered,0.5
SUJN061-OW,Basalt,Weathered,0.71
SUJN062-OW,Basalt,Weathered,0.33
SUJN063-OW,Basalt,Weathered,0.5
SUJN064-OW,Basalt,Weathered,0.5
SUJN065-OW,Basalt,Weathered,0.5
SUJN066-OW,Basalt,Weathered,0.5
SUJN068-OW,Basalt,Weathered,0.25
SUJN070-OW,Basalt,Weathered,0.5
SUJN071-OW,Basalt,Weathered,0.5
SUJN073-OW,Basalt,Weathered,0.5
SUJN074-OW,Basalt,Weathered,0.5
SUJN075-OW,Basalt,Weathered,0.33
SUJN076-OW,Basalt,Weathered,0.6
SUJN078-OW,Basalt,Weathered,0.33
SUJN079-OW,Basalt,Weathered,0.5
SUJN081-OW,Basalt,Weathered,0.5
SUJN083-OW,Basalt,Weathered,0.6
SUJN084-OW,Basalt,Weathered,0.6
SUJN085-OW,Basalt,Weathered,1.0
SUJN087-OW,Basalt,Weathered,0.5
SUJN088-OW,Basalt,Weathered,0.6
SUJN089-OW,Basalt,Weathered,0.5
SUJN090-OW,Basalt,Weathered,0.75
SUJN091-OW,Basalt,Weathered,0.5
SUJN093-OW,Basalt,Weathered,0.33
SUJN096-OW,Basalt,Weathered,0.33
SUJN101-OW,Basalt,Weathered,0.5
SUJN102-OW,Basalt,Weathered,0.33
SUJN103-OW,Basalt,Weathered,0.33
SUJN104-OW,Basalt,Weathered,0.4
SUJN105-OW,Basalt,Weathered,0.33
SUJN106-OW,Basalt,Weathered,0.33
SUJN107-OW,Basalt,Weathered,0.5
SUJN108-OW,Basalt,Weathered,0.33
SUJN109-OW,Basalt,Weathered,0.33
SUJN110-OW,Basalt,Weathered,0.5
SUJN111-OW,Basalt,Weathered,0.6
SUJN112-OW,Basalt,Weathered,0.75
SUJN113-OW,Basalt,Weathered,0.75
SUJN114-OW,Basalt,Weathered,0.6
SUJN115-OW,Basalt,Weathered,0.5
SUJN116-OW,Basalt,Weathered,0.6
SUJN117-OW,Basalt,Weathered,0.6
SUJN118-OW,Basalt,Weathered,0.75
SUJN119-OW,Basalt,Weathered,0.6
SUJN120-OW,Basalt,Weathered,0.67
SUJN121-OW,Basalt,Weathered,0.33
SUJN122-OW,Basalt,Weathered,0.33
SUJN123-OW,Basalt,Weathered,0.5
SUJN124-OW,Basalt,Weathered,0.5
SUJN125-OW,Basalt,Weathered,0.5
SUJN126-OW,Basalt,Weathered,0.5
SUJN127-OW,Basalt,Weathered,0.6
SUJN128-OW,Basalt,Weathered,0.6
SUJN129-OW,Basalt,Weathered,0.75
SUJN130-OW,Basalt,Weathered,0.67
SUJN131-OW,Basalt,Weathered,0.75
SUJN132-OW,Basalt,Weathered,0.75
SUJN133-OW,Basalt,Weathered,0.75
SUJN134-OW,Basalt,Weathered,0.6
SUJN135-OW,Basalt,Weathered,0.5
SUJN136-OW,Basalt,Weathered,0.67
SUJN137-OW,Basalt,Weathered,0.5
SUJN138-OW,Basalt,Weathered,0.75
SUJN139-OW,Basalt,Weathered,0.67
TIKM001-PZ,Granite,Weathered,0.75
TIKM002-PZ,Granite,Weathered,0.75
TIKM003-PZ,Granite,Weathered,0.6
TIKM004-PZ,Granite,Weathered,0.75
TIKM005-PZ,Granite,Weathered,0.8
TIKM006-PZ,Granite,Weathered,0.83
TIKM007-PZ,Granite,Weathered,0.8
TIKM008-PZ,Granite,Weathered,0.6
TIKM009-PZ,Granite,Weathered,0.75
TIKM010-PZ,Granite,Weathered,0.75
TIKM011-PZ,Granite,Weathered,0.75
TIKM012-PZ,Granite,Weathered,0.75
TIKM013-PZ,Granite,Weathered,0.8
TIKM014-PZ,Granite,Weathered,0.6
TIKM015-PZ,Granite,Weathered,0.8
TIKM016-PZ,Granite,Weathered,0.6
TIKM017-PZ,Granite,Weathered,0.83
TIKM020-PZ,Granite,Weathered,0.75
TIKM-20-PZ,Granite,Fractured,1.0
TIKM-21-PZ,Granite,Weathered,1.0
TIKM-22-PZ,Granite,Fractured,0.8
TIKM-23-PZ,Granite,Fractured,0.83
TIKM-24-PZ,Granite,Fractured,1.0
TIKMO18-PZ,Granite,Weathered,0.75
TIKMO19-PZ,Granite,Weathered,0.83
TKM001-OW,Granite,Weathered,0.67
TKM002-OW,Granite,Weathered,0.5
TKM003-OW,Granite,Weathered,0.67
TKM004-OW,Granite,Weathered,0.67
TKM005-OW,Granite,Weathered,0.67
TKM006-OW,Granite,Weathered,0.67
TKM007-OW,Granite,Weathered,0.67
TKM008-OW,Granite,Weathered,0.67
TKM009-OW,Granite,Weathered,0.67
TKM010-OW,Granite,Weathered,1.0
TKM011-OW,Granite,Weathered,0.5
TKM012-OW,Granite,Weathered,0.67
TKM013-OW,Granite,Weathered,0.67
TKM014A-OW,Granite,Weathered,0.5
TKM015-OW,Granite,Weathered,0.67
TKM016A-OW,Granite,Weathered,0.5
TKM017-OW,Granite,Weathered,0.67
TKM018-OW,Granite,Weathered,0.67
TKM019-OW,Granite,Weathered,0.67
TKM020-OW,Granite,Weathered,0.5
TKM021-OW,Granite,Weathered,0.67
TKM022A-OW,Granite,Weathered,0.5
TKM023-OW,Granite,Weathered,0.67
TKM024-OW,Granite,Weathered,0.67
TKM025-OW,Granite,Weathered,0.67
TKM026A-OW,Granite,Weathered,0.5
TKM027A-OW,Granite,Weathered,0.67
TKM028-OW,Granite,Weathered,0.67
TKM029-OW,Granite,Weathered,0.5
TKM030-OW,Granite,Weathered,0.67
TKM031-OW,Granite,Weathered,0.67
TKM032-OW,Granite,Weathered,0.67
TKM033A-OW,Granite,Weathered,0.67
TKM034-OW,Granite,Weathered,0.67
TKM035-OW,Granite,Weathered,0.67
TKM036-OW,Granite,Weathered,0.67
TKM037-OW,Granite,Weathered,0.67
TKM038-OW,Granite,Weathered,0.67
TKM039-OW,Granite,Weathered,0.67
TKM040-OW,Granite,Weathered,0.67
TKM041-OW,Granite,Weathered,0.67
TKM042-OW,Granite,Weathered,0.67
TKM043-OW,Granite,Weathered,0.67
TKM044-OW,Granite,Weathered,0.67
TKM045-OW,Granite,Unknown,0.5
TKM046-OW,Granite,Weathered,0.67
TKM047-OW,Granite,Unknown,0.67
TKM048-OW,Granite,Weathered,0.67
TKM049-OW,Granite,Weathered,0.67
TKM050-OW,Granite,Weathered,0.5
TKM051-OW,Granite,Weathered,0.67
TKM052-OW,Granite,Weathered,0.67
TKM053-OW,Granite,Weathered,0.67
TKM054-OW,Granite,Weathered,0.67
TKM055-OW,Granite,Weathered,0.67
TKM056-OW,Granite,Weathered,0.67
TKM057-OW,Granite,Weathered,0.67
TKM058-OW,Granite,Weathered,0.67
TKM059-OW,Granite,Weathered,0.67
TKM060-OW,Granite,Weathered,0.67
TKM061-OW,Granite,Weathered,0.67
TKM062-OW,Granite,Weathered,0.67
TKM063A-OW,Granite,Weathered,0.67
TKM064-OW,Granite,Weathered,0.67
TKM065-OW,Granite,Weathered,0.67
TKM066A-OW,Granite,Weathered,0.67
TKM067-OW,Granite,Weathered,0.67
TKM068-OW,Granite,Weathered,0.67
TKM069A-OW,Granite,Weathered,0.67
TKM070A-OW,Granite,Weathered,0.67
TKM071A-OW,Granite,Weathered,0.67
TKM072A-OW,Granite,Weathered,0.67
TKM073-OW,Granite,Weathered,0.67
TKM074-OW,Granite,Weathered,0.67
TKM075-OW,Granite,Weathered,0.67
TKM076-OW,Granite,Weathered,0.67
TKM077-OW,Granite,Weathered,0.67
TKM078-OW,Granite,Weathered,0.67
TKM079A-OW,Granite,Weathered,0.67
TKM080-OW,Granite,Weathered,0.67
TKM081-OW,Granite,Weathered,0.67
TKM082-OW,Granite,Weathered,0.67
TKM083-OW,Granite,Weathered,0.67
TKM084A-OW,Granite,Unknown,0.67
TKM085A-OW,Granite,Weathered,0.67
TKM086-OW,Granite,Weathered,0.67
TKM087-OW,Granite,Weathered,0.67
TKM088-OW,Granite,Weathered,0.67
TKM089-OW,Granite,Weathered,0.67
TKM090-OW,Granite,Weathered,0.67
TKM091-OW,Granite,Weathered,0.67
TKM092-OW,Granite,Weathered,0.67
TKM093A-OW,Granite,Weathered,0.67
TKM094-OW,Granite,Weathered,0.67
TKM095-OW,Granite,Weathered,0.67
TKM096-OW,Granite,Weathered,0.67
TKM097A-OW,Granite,Weathered,0.67
TKM098-OW,Granite,Weathered,0.67
TKM099-OW,Granite,Weathered,0.67
TKM100-OW,Granite,Weathered,0.67
