Well No,Depth To,LyrId,Lithology,Colour,Texture,Shape,Drill Time
"SIND-001-PZ",2.664,,"B.C.soil","black","coarse to very coarse","angular",
"SIND-001-PZ",4.9,,"Clay with interbeds of sand","yellow","fine","rounded to subrounded",
"SIND-001-PZ",8.25,,"Basalt weathered","greyish black","hard","rounded to subrounded",
"SIND-001-PZ",12,,"Basalt weathered/fractured","greyish black","medium","subangular",
"SIND-001-PZ",16.5,,"Basalt hard","greyish black","fine to medium","rounded",
"SIND-001-PZ",25,,"Basalt hard","greyish black","hard","subangular to angular",
"SIND-001-PZ",26.5,,"Red bole","red","fine","subangular-subrounded",
"SIND-001-PZ",28.35,,"Basalt weathered","greyish black","medium","subangular",
"SIND-001-PZ",30,,"Basalt fractured","greyish black",,"subangular",
"SIND-002-PZ",1.2,,"B.C.soil","black","very fine","subangular-subrounded",
"SIND-002-PZ",1.5,,"Clay with interbeds of sand","yellow","fine to medium","subangular-subrounded",
"SIND-002-PZ",18,,"Gravel with thin clay","grey","gravel","rounded to subrounded",
"SIND-002-PZ",25.3,,"Basalt hard","black","medium to coarse","subangular",
"SIND-002-PZ",28.05,,"ash bed","greyish black","fine","subangular-subrounded",
"SIND-002-PZ",28.65,,"Red bole","red","fine to medium","subangular",
"SIND-002-PZ",30,,"Basalt weathered","greyish black","fine to medium","subangular",
"SIND-003-PZ",0.9,,"B.C.soil","black","very fine","subangular-subrounded",
"SIND-003-PZ",14.65,,"Clay with interbeds of sand","yellow","fine","subangular-subrounded",
"SIND-003-PZ",16.15,,"Basalt weathered","greyish black","fine to medium","subangular",
"SIND-003-PZ",17.4,,"Basalt hard","black","medium","subangular",
"SIND-003-PZ",18.6,,"Basalt weathered","greyish black","fine to medium","subangular",
"SIND-003-PZ",23.5,,"Basalt fractured","brown","coarse","angular",
"SIND-003-PZ",29,,"Basalt hard","greyish black","fine to medium","subangular",
"SIND-003-PZ",33.25,,"ash bed","dull brown","fine","subangular-subrounded",
"SIND-003-PZ",38.11,,"Basalt weathered","greyish black","fine to medium","subangular",
"SIND-004-A-PZ",1.5,,"B.C.soil","black","very fine","subangular-subrounded",
"SIND-004-A-PZ",7,,"Clay with thin gravel layer","yellowish brown","fine to medium","subangular-subrounded",
"SIND-004-A-PZ",10.05,,"Basalt weathered","greyish black","fine to medium","subangular",
"SIND-004-A-PZ",19.8,,"Basalt fractured","greyish black","coarse","angular",
"SIND-004-A-PZ",21,,"Basalt hard","black","fine to medium","subangular",
"SIND-004-A-PZ",26.25,,"Basalt vesicular","greyish black","fine to medium","subangular",
"SIND-004-A-PZ",30,,"Basalt fractured","greyish black","coarse","angular",
"SIND-004-B-PZ",2.15,,"B.C.soil","black","very fine","subangular-subrounded",
"SIND-004-B-PZ",6,,"Clay with thin gravel layer","greyish black","fine to medium","subangular-subrounded",
"SIND-004-B-PZ",9.15,,"Basalt highly weathered","brown","fine to medium","subangular",
"SIND-004-B-PZ",14.35,,"Basalt weathered","brown","fine to medium","subangular",
"SIND-004-B-PZ",18.6,,"Basalt weathered/fractured","brown","medium to coarse","subangular to angular",
"SIND-004-B-PZ",22.85,,"Basalt hard","black","hard","subangular",
"SIND-004-B-PZ",27.45,,"Basalt weathered","greyish black","fine to medium","subangular",
"SIND-004-B-PZ",35,,"Basalt weathered/fractured","grey","medium to coarse","subangular to angular",
"SIND-004-B-PZ",59.45,,"Basalt hard","black","hard","subangular",
"SIND-004-B-PZ",61.9,,"Basalt weathered+red bole","reddish brown","fine to medium","subangular",
"SIND-004-B-PZ",64,,"Basalt vesicular","brown","fine to medium","subangular",
"SIND-004-B-PZ",69.84999999999999,,"Basalt weathered/fractured","brown","medium to coarse","subangular to angular",
"SIND-004-B-PZ",79.59999999999999,,"Massive Basalts","brown","hard","subangular",
"SIND-004-B-PZ",93,,"Basalt vesicular","greyish black","medium","subangular",
"SIND-004-B-PZ",105.5,,"Basalt fractured","greyish black","coarse","angular",
"SIND-004-C-PZ",2.15,,"B.C.soil","black",,,
"SIND-004-C-PZ",5.8,,"Clay with interbeds of sand","yellowish brown",,,
"SIND-004-C-PZ",10.7,,"Basalt weathered","greyish black",,,
"SIND-004-C-PZ",19.85,,"Basalt fractured","brown",,,
"SIND-004-C-PZ",22.75,,"Basalt hard","black",,,
"SIND-004-C-PZ",26.2,,"Basalt vesicular+red bole","reddish brown",,,
"SIND-004-C-PZ",31.4,,"Basalt fractured","brown",,,
"SIND-004-C-PZ",60.35,,"Massive Basalts","greyish black",,,
"SIND-004-C-PZ",65.55,,"Basalt vesicular+red bole","reddish brown",,,
"SIND-004-C-PZ",70.09999999999999,,"Basalt weathered/fractured","greyish black",,,
"SIND-004-C-PZ",73.78,,"Massive Basalts","black",,,
"SIND-005-PZ",1.5,,"B.C.soil","black","very fine","subangular",
"SIND-005-PZ",3.05,,"Clay with thin gravel layer","yellowish brown","fine to medium","rounded to subrounded",
"SIND-005-PZ",9.15,,"Clay soft","yellow","very fine","subangular",
"SIND-005-PZ",10.35,,"Basalt weathered+sand","greyish black","fine to medium","subangular",
"SIND-005-PZ",13.1,,"Basalt weathered/fractured","brown","medium to coarse","subangular to angular",
"SIND-005-PZ",23.8,,"Basalt hard","greyish black","hard","subangular to angular",
"SIND-005-PZ",32,,"Massive Basalts","black","hard","subangular to angular",
"SIND-005-PZ",33.25,,"Red bole","red","fine to medium","subangular",
"SIND-005-PZ",38.11,,"Basalt weathered","brown","fine to medium","subangular",
"SIND-006-PZ",2.45,,"B.C.soil","black","very fine","subangular",
"SIND-006-PZ",9.15,,"Clay with interbeds of sand","yellow","fine to medium","subangular",
"SIND-006-PZ",11.6,,"Basalt weathered","brown","fine to medium","subangular",
"SIND-006-PZ",14,,"Basalt fractured","brown","coarse","angular",
"SIND-006-PZ",17.4,,"Basalt fractured","brown","coarse","subangular",
"SIND-006-PZ",23.8,,"Basalt hard","black","hard","subangular to angular",
"SIND-006-PZ",27.45,,"Basalt weathered","brown","fine to medium","subangular",
"SIND-006-PZ",31.4,,"Basalt weathered","brown","fine to medium","subangular",
"SIND-007-PZ",0.9,,"Clay","yellow","fine","subangular",
"SIND-007-PZ",13.4,,"Clay with interbeds of sand","yellow","very fine","subangular",
"SIND-007-PZ",15.85,,"Basalt hard","greyish black","fine","subangular to angular",
"SIND-007-PZ",21.35,,"Massive Basalts","black","fine","subangular",
"SIND-007-PZ",25,,"Basalt fractured","brown","coarse","angular",
"SIND-007-PZ",29.9,,"Basalt hard","black","hard","subangular to angular",
"SIND-007-PZ",36.3,,"Massive Basalts","black","hard","subangular to angular",
"SIND-007-PZ",39.63,,"Basalt vesicular","greyish black","fine to medium","subangular to angular",
"SIND-008-PZ",1.8,,"B.C. Soil","black","very fine","subangular",
"SIND-008-PZ",2.75,,"Clay with interbeds of sand","yellow","fine","subangular",
"SIND-008-PZ",9.15,,"Basalt weathered","brown","fine to medium","subangular",
"SIND-008-PZ",14,,"Basalt fractured","brown","coarse","angular",
"SIND-008-PZ",18.6,,"Basalt hard","black","hard","subangular to angular",
"SIND-008-PZ",26.2,,"Basalt hard","black","hard","subangular to angular",
"SIND-008-PZ",32.3,,"Basalt weathered","brown","fine to medium","subangular",
"SIND-008-PZ",34.45,,"Basalt fractured","brown","coarse","angular",
"SIND-008-PZ",37.2,,"Massive Basalts","black","hard","subangular to angular",
"SIND-009-PZ",1.8,,"B.C.soil","black","very fine","subangular",
"SIND-009-PZ",8.550000000000001,,"Clay with interbeds of sand","yellowish brown","fine","subangular",
"SIND-009-PZ",13.1,,"Clay with interbeds of sand","yellowish brown","fine","subangular",
"SIND-009-PZ",15.55,,"Clay with interbeds of sand","yellow","fine to medium","subangular",
"SIND-009-PZ",16.45,,"Clay with thin gravel layer","greyish black","coarse","subangular-subrounded",
"SIND-009-PZ",22.85,,"Basalt fractured","brown","hard","angular",
"SIND-009-PZ",25.6,,"Massive Basalts","black","fine to medium","subangular to angular",
"SIND-009-PZ",26.2,,"Red bole","red","fine to medium","subangular",
"SIND-009-PZ",28.65,,"Basalt weathered","brown","fine to medium","subangular",
"SIND-009-PZ",31.7,,"Basalt fractured","greyish black","coarse","angular",
"SIND-009-PZ",39.3,,"Basalt hard","black","hard","subangular to angular",
"SIND-009-PZ",43,,"Basalt vesicular","brown","fine to medium","subangular",
"SIND-009-PZ",48.2,,"Basalt vesicular","black","fine to medium","subangular",
"SIND-010-PZ",0.6,,"B.C.soil","black","very fine","subangular",
"SIND-010-PZ",5.2,,"Basalt weathered","greyish black","fine to medium","subangular",
"SIND-010-PZ",11.6,,"Basalt fractured","greyish black","coarse","angular",
"SIND-010-PZ",14.65,,"Basalt hard","greyish black","hard","subangular to angular",
"SIND-010-PZ",16.15,,"Basalt weathered","greyish black","fine to medium","subangular",
"SIND-010-PZ",18.9,,"Basalt weathered","greyish black","fine to medium","subangular",
"SIND-010-PZ",25.9,,"Basalt fractured","dull brown","coarse","angular",
"SIND-010-PZ",28.95,,"Massive Basalts","dull brown","hard","subangular to angular",
"SIND-010-PZ",33.85,,"Massive Basalts","dull brown","hard","subangular to angular",
"SIND-011-PZ",0.6,,"B.C.soil","black","very fine","subangular",
"SIND-011-PZ",1.8,,"Basalt highly weathered","dull brown","fine","subangular",
"SIND-011-PZ",5.2,,"Basalt weathered","dull brown","fine to medium","subangular",
"SIND-011-PZ",8.85,,"Basalt fractured","greyish black","coarse","angular",
"SIND-011-PZ",13.4,,"Basalt hard","greyish black","hard","subangular",
"SIND-011-PZ",14.65,,"Basalt weathered +red bole","reddish brown","fine to medium","subangular",
"SIND-011-PZ",22.55,,"Basalt vesicular","brown","fine to medium","angular",
"SIND-011-PZ",25.9,,"Basalt fractured","brown","coarse","angular",
"SIND-011-PZ",33.85,,"Massive Basalts","black","hard","subangular to angular",
"SIND-012-PZ",1.8,,"B.C. Soil","black","very fine","subangular",
"SIND-012-PZ",3.65,,"Clay","yellow","very fine","subangular",
"SIND-012-PZ",15.85,,"Clay with interbeds of sand","yellow","fine","subangular-subrounded",
"SIND-012-PZ",16.8,,"Basalt weathered +sand+gravel","greyish black","fine to medium","angular",
"SIND-012-PZ",19.2,,"Basalt fractured","brown","coarse","subangular",
"SIND-012-PZ",21.35,,"ash bed","greyish black","fine to medium","subangular",
"SIND-012-PZ",28.65,,"Basalt vesicular","brown","fine to medium","subangular",
"SIND-012-PZ",33.85,,"Basalt fractured","brown","coarse","angular",
"SIND-012-PZ",38.4,,"Massive Basalts","brown","hard","subangular to angular",
"SIND-013-PZ",1.2,,"B.C. Soil","black","fine","subangular",
"SIND-013-PZ",8.85,,"Clay with interbeds of sand","yellow","fine","subangular",
"SIND-013-PZ",13.4,,"Clay with interbeds of sand","yellow","fine","subangular",
"SIND-013-PZ",14,,"Basalt weathered +sand+gravel","greyish black","fine to medium","subangular-subrounded",
"SIND-013-PZ",16.75,,"Basalt fractured","greyish black","coarse","angular",
"SIND-013-PZ",18.3,,"Basalt hard","black","hard","subangular to angular",
"SIND-013-PZ",20.1,,"Red bole","red","fine to medium","subangular",
"SIND-013-PZ",25.9,,"Basalt vesicular","brown","fine to medium","subangular",
"SIND-013-PZ",32,,"Basalt fractured","brown","coarse","angular",
"SIND-013-PZ",38.4,,"Massive Basalts","black","hard","subangular to angular",
"SIND-014-PZ",0.9,,"B.C.soil","black","very fine","subangular",
"SIND-014-PZ",7.3,,"Clay with thin gravel layer","yellowish brown","fine to medium","subangular-subrounded",
"SIND-014-PZ",8.25,,"Basalt weathered","greyish black","fine to medium","subangular",
"SIND-014-PZ",12.2,,"Basalt fractured","greyish black","coarse","angular",
"SIND-014-PZ",18.3,,"Basalt hard","black","hard","subangular to angular",
"SIND-014-PZ",19.8,,"Red bole","red","fine to medium","subangular",
"SIND-014-PZ",24.4,,"Basalt weathered","brown","fine to medium","subangular",
"SIND-014-PZ",28.55,,"Basalt fractured","greyish black","coarse","angular",
"SIND-014-PZ",37.5,,"Basalt hard","black","hard","subangular to angular",
"SIND-014-PZ",38.4,,"Red bole","red","fine to medium","subangular",
"SIND-014-PZ",41.15,,"Basalt vesicular","greyish black","fine to medium","subangular",
"SIND-014-PZ",43.3,,"Basalt fractured","brown","coarse","angular",
"SIND-014-PZ",48.2,,"Massive Basalts","black","hard","subangular to angular",
"SIND-015-PZ",0.9,,"B.C. Soil","black","very fine","subangular",
"SIND-015-PZ",4,,"Clay with interbeds of sand","yellowish brown","fine","subangular",
"SIND-015-PZ",6.4,,"Basalt weathered","greyish black","fine to medium","subangular",
"SIND-015-PZ",7.95,,"Basalt fractured","greyish black","coarse","angular",
"SIND-015-PZ",12.2,,"Basalt hard","black","hard","subangular to angular",
"SIND-015-PZ",13.1,,"Red bole","red","fine to medium","subangular",
"SIND-015-PZ",18.3,,"Basalt weathered","greyish black","fine to medium","subangular",
"SIND-015-PZ",22.55,,"Basalt fractured","brown","coarse","angular",
"SIND-015-PZ",37.5,,"Basalt hard","black","hard","subangular to angular",
"SIND-015-PZ",38.4,,"Red bole","red","fine to medium","subangular",
"SIND-016-PZ",1.85,,"B.C. Soil","black","very fine","subangular",
"SIND-016-PZ",14.65,,"Clay with interbeds of sand","yellow","fine","subangular",
"SIND-016-PZ",19.2,,"Clay with interbeds of sand","yellow","fine","subangular",
"SIND-016-PZ",20.75,,"Clay with interbeds of sand","yellowish brown","fine","subangular",
"SIND-016-PZ",23.2,,"Basalt hard","black","hard","subangular to angular",
"SIND-016-PZ",25,,"Red bole","red","fine to medium","subangular",
"SIND-016-PZ",28,,"Basalt weathered","brown","fine to medium","subangular",
"SIND-016-PZ",33.85,,"Basalt weathered/fractured","brown","medium to coarse","subangular to angular",
"SIND-016-PZ",38.4,,"Basalt hard","black","hard","subangular to angular",
"SIND-017-PZ",2.45,,"B.C.soil","black","very fine","subangular",
"SIND-017-PZ",9.75,,"Clay with interbeds of sand","yellowish brown","fine","subangular",
"SIND-017-PZ",11.75,,"Gravel with sand","light brown","fine to medium","subangular",
"SIND-017-PZ",13.4,,"Basalt weathered","brown","medium to coarse","subangular",
"SIND-017-PZ",17.7,,"Basalt weathered/fractured","brown","medium to coarse","subangular to angular",
"SIND-017-PZ",25,,"Basalt hard","black","hard","subangular to angular",
"SIND-017-PZ",29,,"Basalt weathered","brown","fine to medium","subangular",
"SIND-017-PZ",33.85,,"Basalt vesicular","brown","fine to medium","subangular",
"SIND-017-PZ",38.4,,"Massive Basalts","black","hard","subangular to angular",
"SIND-018-PZ",1.85,,"B.C.soil","black","very fine","subangular",
"SIND-018-PZ",4.85,,"Basalt weathered","brown","fine to medium","subangular",
"SIND-018-PZ",8,,"jointed","greyish black","coarse","angular",
"SIND-018-PZ",12.8,,"Basalt hard","black","hard","subangular to angular",
"SIND-018-PZ",19.2,,"Basalt weathered","greyish black","fine to medium","subangular",
"SIND-018-PZ",24,,"Basalt weathered/fractured","brown","medium to coarse","subangular to angular",
"SIND-018-PZ",38.4,,"Basalt hard","black","hard","subangular to angular",
"SIND-018-PZ",43.3,,"Basalt weathered","greyish black","fine to medium","subangular",
"SIND-019-A-PZ",1.85,,"Topsoil","black","fine","subangular",
"SIND-019-A-PZ",6,,"Clay with thin gravel layer","yellow","fine to medium","subangular-subrounded",
"SIND-019-A-PZ",7.65,,"Clay with interbeds of sand","yellow","fine to medium","subangular",
"SIND-019-A-PZ",10,,"Basalt weathered/fractured","brown","medium to coarse","subangular",
"SIND-019-A-PZ",12.7,,"Basalt weathered","greyish black","fine to medium","subangular",
"SIND-019-A-PZ",14.65,,"Basalt vesicular","greyish black","fine to medium","subangular",
"SIND-019-A-PZ",21.95,,"Basalt weathered/fractured","greyish black","medium to coarse","subangular to angular",
"SIND-019-A-PZ",26.5,,"Basalt fractured","brown","coarse","angular",
"SIND-019-A-PZ",33.85,,"Basalt hard","black","hard","subangular to angular",
"SIND-019-B-PZ",3.35,,"Topsoil","black","fine","subangular",
"SIND-019-B-PZ",7.62,,"Clay with interbeds of sand","yellowish brown","fine","subangular",
"SIND-019-B-PZ",9.75,,"Basalt highly weathered","dull brown","fine to medium","subangular",
"SIND-019-B-PZ",14.65,,"Basalt weathered","brown","fine to medium","subangular",
"SIND-019-B-PZ",27.45,,"Basalt weathered/fractured","greyish black","fine to medium","subangular to angular",
"SIND-019-B-PZ",36.6,,"Massive Basalts","black","hard","subangular to angular",
"SIND-019-B-PZ",48.6,,"Basalt vesicular","greyish black","fine to medium","subangular",
"SIND-019-B-PZ",55.75,,"Basalt fractured","dull brown","coarse","angular",
"SIND-019-B-PZ",58.73,,"Basalt hard","black","hard","subangular to angular",
"SIND-019-B-PZ",86.3,,"Basalt hard","black","hard","subangular to angular",
"SIND-019-B-PZ",91.45,,"Basalt weathered","brown","fine to medium","subangular",
"SIND-019-B-PZ",94.2,,"Basalt fractured","greyish black","coarse","angular",
"SIND-019-B-PZ",94.81999999999999,,"Massive Basalts","black","hard","subangular to angular",
"SIND-019-C-PZ",2.45,,"Topsoil","black","very fine","subangular",
"SIND-019-C-PZ",6.7,,"Clay with interbeds of sand","yellowish brown","fine","subangular",
"SIND-019-C-PZ",9.6,,"Basalt highly weathered","greyish black","fine to medium","subangular",
"SIND-019-C-PZ",15.25,,"Basalt weathered","brown","fine to medium","subangular",
"SIND-019-C-PZ",30,,"Basalt weathered/fractured","brown","fine to medium","subangular",
"SIND-019-C-PZ",36.9,,"Basalt hard","black","hard","subangular to angular",
"SIND-019-C-PZ",46.05,,"Basalt vesicular","greyish black","fine to medium","subangular",
"SIND-019-C-PZ",50.6,,"Basalt vesicular","greyish black","fine to medium","subangular",
"SIND-019-C-PZ",59.75,,"Basalt weathered/fractured","brown","fine to medium","subangular to angular",
"SIND-019-C-PZ",62.5,,"Massive Basalts","black","hard","subangular to angular",
"SIND-020-PZ",1.5,,"Topsoil","black","very fine","subangular",
"SIND-020-PZ",7.65,,"Clay soft","yellow","very fine","subangular",
"SIND-020-PZ",9.75,,"Clay with interbeds of sand","yellow","fine","subangular",
"SIND-020-PZ",11.5,,"Basalt weathered","greyish black","fine to medium","subangular",
"SIND-020-PZ",15.25,,"Basalt fractured","greyish black","coarse","angular",
"SIND-020-PZ",20.5,,"Basalt weathered/fractured","greyish black","fine to medium","subangular to angular",
"SIND-020-PZ",33.85,,"Massive Basalts","black","hard","subangular to angular",
"SIND-021-PZ",0.9,,"Topsoil","black","very fine","subangular",
"SIND-021-PZ",1.85,,"Clay with thin gravel layer","yellow","fine to medium","subangular-subrounded",
"SIND-021-PZ",4.9,,"Basalt weathered","brown","fine to medium","subangular",
"SIND-021-PZ",8,,"Basalt weathered/fractured","brown","fine to medium","subangular to angular",
"SIND-021-PZ",11.6,,"Basalt hard","greyish black","hard","subangular to angular",
"SIND-021-PZ",12.5,,"Red bole","red","fine to medium","subangular",
"SIND-021-PZ",19.2,,"Basalt weathered","brown","fine to medium","subangular",
"SIND-021-PZ",24.1,,"Basalt weathered/fractured","brown","fine to medium","subangular to angular",
"SIND-021-PZ",41.15,,"Basalt hard","black","hard","subangular to angular",
"SIND-021-PZ",48.15,,"Basalt weathered","brown","fine to medium","subangular",
"SIND-021-PZ",52.75,,"Basalt fractured","brown","coarse","angular",
"SIND-022-PZ",0.9,,"Basalt highly weathered","brown","fine to medium","subangular",
"SIND-022-PZ",14.65,,"Basalt fractured","brown","coarse","angular",
"SIND-022-PZ",18.3,,"Basalt hard","black","hard","subangular to angular",
"SIND-022-PZ",24,,"Basalt vesicular","greyish black","fine to medium","subangular",
"SIND-022-PZ",29,,"Basalt weathered","brown","fine to medium","subangular",
"SIND-022-PZ",33.85,,"Basalt hard","black","hard","subangular to angular",
"SIND-023-PZ",0.9,,"Topsoil","black","very fine","subangular",
"SIND-023-PZ",4,,"Basalt weathered","brown","fine to medium","subangular",
"SIND-023-PZ",15,,"Basalt fractured","brown","coarse","angular",
"SIND-023-PZ",25,,"Basalt hard","black","hard","subangular to angular",
"SIND-023-PZ",26.5,,"Red bole","red","fine to medium","subangular",
"SIND-023-PZ",32,,"Basalt weathered","greyish black","fine to medium","subangular",
"SIND-023-PZ",36.5,,"Basalt weathered","brown","fine to medium","subangular",
"SIND-023-PZ",38.4,,"Basalt hard","black","hard","subangular to angular",
"SIND-024-PZ",2.5,,"Basalt weathered","brown","fine to medium","subangular",
"SIND-024-PZ",4.6,,"Basalt vesicular","brown","fine to medium","subangular",
"SIND-024-PZ",6.1,,"Basalt weathered","greyish black","fine to medium","subangular",
"SIND-024-PZ",9.75,,"Basalt vesicular","brown","fine to medium","subangular",
"SIND-024-PZ",13.4,,"Basalt weathered/fractured","brown","fine to medium","subangular to angular",
"SIND-024-PZ",22,,"Basalt hard","black","hard","subangular to angular",
"SIND-024-PZ",27.45,,"Basalt vesicular","brown","fine to medium","subangular",
"SIND-024-PZ",32,,"Basalt fractured","brown","coarse","angular",
"SIND-024-PZ",37.8,,"Basalt hard","black","hard","subangular to angular",
"SIND-024-PZ",38.4,,"Red bole","red","fine to medium","subangular",
"SIND-025-PZ",2.45,,"B.C.soil","black","very fine","subangular",
"SIND-025-PZ",5.5,,"Clay with interbeds of sand","yellow","fine","subangular",
"SIND-025-PZ",8,,"jointed basalt","greyish black","fine to medium","angular",
"SIND-025-PZ",14.65,,"Basalt hard","black","hard","subangular to angular",
"SIND-025-PZ",19.2,,"Massive Basalts","greyish black","hard","subangular-subrounded",
"SIND-025-PZ",22.85,,"red bole +vecicular basalt","reddish brown","fine to medium","subangular",
"SIND-025-PZ",26,,"Basalt weathered/fractured","greyish black","fine to medium","subangular to angular",
"SIND-025-PZ",32,,"Basalt weathered","brown","fine to medium","subangular",
"SIND-025-PZ",38.4,,"Massive Basalts","black","hard","subangular to angular",
"SIND-026-PZ",2.15,,"B.C.soil","black","very fine","subangular",
"SIND-026-PZ",6.15,,"Clay","yellow","very fine","subangular",
"SIND-026-PZ",9.75,,"Gravel","greyish black","gravel","subangular-subrounded",
"SIND-026-PZ",11.9,,"Basalt weathered/fractured","greyish black","fine to medium","subangular to angular",
"SIND-026-PZ",12.8,,"Basalt highly weathered","brown","fine to medium","subangular",
"SIND-026-PZ",17,,"Basalt weathered","brown","fine to medium","subangular",
"SIND-026-PZ",27,,"Basalt weathered/fractured","dull brown","fine to medium","subangular to angular",
"SIND-026-PZ",43.3,,"Basalt hard","black","hard","subangular to angular",
"SIND-026-PZ",48.15,,"Basalt weathered","greyish black","fine to medium","subangular",
"SIND-027-PZ",2,,"Topsoil","black","very fine","subangular-subrounded",
"SIND-027-PZ",10.65,,"Clay with interbeds of sand","yellow","fine","subangular-subrounded",
"SIND-027-PZ",11.85,,"Gravel with sand","yellowish brown","gravel","subangular-subrounded",
"SIND-027-PZ",14.65,,"Basalt hard","black","hard","subangular",
"SIND-027-PZ",16.65,,"Basalt weathered","brown","fine to medium","subangular",
"SIND-027-PZ",24,,"Basalt weathered/fractured","brown","medium","subangular to angular",
"SIND-027-PZ",33.85,,"Massive Basalts","black","hard","subangular to angular",
"SIND-027-PZ",38.4,,"Massive Basalts","black","hard","subangular to angular",
"SIND-027-PZ",43.3,,"Basalt weathered","brown","fine to medium","subangular",
"SIND-028-PZ",1.8,,"B.C.soil","black","very fine","subangular",
"SIND-028-PZ",5.15,,"Clay with thin gravel layer","yellow","fine to medium","subangular-subrounded",
"SIND-028-PZ",10.65,,"Clay with interbeds of sand","yellow","fine to medium","subangular-subrounded",
"SIND-028-PZ",15,,"Basalt weathered","brown","fine to medium","subangular",
"SIND-028-PZ",19.8,,"Basalt fractured","brown","coarse","angular",
"SIND-028-PZ",24,,"Basalt hard","black","hard","subangular to angular",
"SIND-028-PZ",33.85,,"Massive Basalts","greyish black","hard","subangular to angular",
"SIND-028-PZ",38.4,,"Basalt weathered","brown","fine to medium","subangular",
"SIND-029-PZ",1.8,,"B.C.soil","black","sorted","rounded to subrounded",
"SIND-029-PZ",10,,"Clay with thin gravel layer","yellow","fine to medium","subangular-subrounded",
"SIND-029-PZ",12.8,,"Gravel with sand","yellowish brown","gravel","subangular-subrounded",
"SIND-029-PZ",16.75,,"Basalt weathered","brown","fine to medium","subangular",
"SIND-029-PZ",23,,"Basalt fractured","brown","coarse","angular",
"SIND-029-PZ",33.85,,"Basalt hard","black","hard","subangular to angular",
"SIND-030-PZ",1.2,,"B.C.soil","black","very fine","rounded to subrounded",
"SIND-030-PZ",9,,"Clay with thin gravel layer","yellow","fine to medium","subangular-subrounded",
"SIND-030-PZ",10.35,,"Gravel with sand","yellowish brown","gravel","subangular-subrounded",
"SIND-030-PZ",12.8,,"Basalt weathered","brown","fine to medium","subangular",
"SIND-030-PZ",14.65,,"Basalt fractured","greyish black","coarse","angular",
"SIND-030-PZ",18,,"Basalt hard","black","hard","subangular to angular",
"SIND-030-PZ",20.75,,"Basalt weathered +red bole","reddish brown","fine to medium","subangular",
"SIND-030-PZ",24,,"Basalt fractured","greyish black","coarse","angular",
"SIND-030-PZ",33.85,,"Basalt hard","black","hard","subangular to angular",
"SIND-031-PZ",0.6,,"Topsoil","black","very fine","rounded to subrounded",
"SIND-031-PZ",1.8,,"Basalt weathered","greyish black","fine to medium","subangular",
"SIND-031-PZ",5.8,,"Basalt weathered/fractured","brown","fine to medium","subangular to angular",
"SIND-031-PZ",20.75,,"Basalt hard","black","hard","subangular to angular",
"SIND-031-PZ",32,,"Basalt fractured","brown","coarse","angular",
"SIND-031-PZ",37.8,,"Massive Basalts","black","gravel","subangular to angular",
"SIND-031-PZ",38.4,,"Red bole","red","fine to medium","subangular",
"SIND-031-PZ",22222,,"Basalt vesicular","dull brown","fine to medium","subangular",
"SIND-032-PZ",8.25,,"Clay with interbeds of sand","yellow","fine","rounded to subrounded",
"SIND-032-PZ",10,,"Sandstone hard","brown","medium to coarse","rounded",
"SIND-032-PZ",11.3,,"Clay with interbeds of sand","dull brown","fine to medium","rounded to subrounded",
"SIND-032-PZ",11.5,,"Clay","black","very fine","rounded to subrounded",
"SIND-032-PZ",17.7,,"Basalt highly weathered","greyish black","fine to medium","subangular to angular",
"SIND-032-PZ",24,,"Basalt vesicular","dull brown","coarse to very coarse","subangular-subrounded",
"SIND-032-PZ",29,,"Basalt weathered","dull brown","medium","subangular",
"SIND-032-PZ",33.85,,"Basalt fractured","light brown","gravel","subangular-subrounded",
"SIND-032-PZ",38.4,,"Basalt","greyish black","medium to coarse","subangular to angular",
"SIND-033-PZ",1.8,,"B.C.soil","black","very fine","rounded to subrounded",
"SIND-033-PZ",7.6,,"Clay with thin gravel layer","yellow","fine to medium","subangular-subrounded",
"SIND-033-PZ",11.3,,"Clay with interbeds of sand","yellow","fine","subangular-subrounded",
"SIND-033-PZ",13.4,,"Gravel with sand","yellow","gravel","rounded to subrounded",
"SIND-033-PZ",14.65,,"Gravel with thin clay","yellow","gravel","subangular-subrounded",
"SIND-033-PZ",17.4,,"Basalt highly weathered","brown","fine to medium","subangular",
"SIND-033-PZ",19.2,,"Basalt fractured","brown","coarse","angular",
"SIND-033-PZ",22.5,,"Basalt hard","black","hard","subangular to angular",
"SIND-033-PZ",26.5,,"Basalt vesicular","dull brown","fine to medium","subangular",
"SIND-033-PZ",29,,"Basalt fractured","brown","coarse","angular",
"SIND-033-PZ",33.85,,"Massive Basalts","black","hard","subangular to angular",
"SIND-034-PZ",2.15,,"B.C.soil","black","very fine","rounded to subrounded",
"SIND-034-PZ",6.4,,"Clay","yellow","very fine","rounded to subrounded",
"SIND-034-PZ",8.550000000000001,,"Gravel with sand","yellow","gravel","subangular-subrounded",
"SIND-034-PZ",10.65,,"Clay with thin gravel layer","yellow","fine to medium","rounded to subrounded",
"SIND-034-PZ",13.75,,"Basalt highly weathered","greyish black","fine to medium","subangular",
"SIND-034-PZ",17.05,,"Basalt weathered +red bole","reddish brown","fine to medium","subangular",
"SIND-034-PZ",18.3,,"Basalt fractured","greyish black","coarse","angular",
"SIND-034-PZ",19.2,,"Red bole +weathered basalt","reddish brown","fine to medium","subangular",
"SIND-034-PZ",25.3,,"Basalt weathered","greyish black","fine to medium","subangular",
"SIND-034-PZ",31.1,,"Basalt fractured","greyish black","coarse","angular",
"SIND-034-PZ",38.4,,"Basalt hard","black","hard","subangular to angular",
"SIND-035-NEW",13.72,,"yellow sandy soil","yellow","regular",,
"SIND-035-NEW",18.3,,"Gneiss fractured","yellow","regular",,
"SIND-035-NEW",19.82,,"bolder","black","uneven",,
"SIND-035-NEW",20.75,,"Red bole","red","regular",,
"SIND-035-NEW",22,,"Basalt weathered","greyish black","subheadrd",,
"SIND-035-NEW",35,,"Massive Basalts","black","subheadrd",,
"SIND-035-NEW",45.15,,"Massive Basalts","black","sucheadrd",,
"SIND-035-NEW",48.8,,"Massive Basalts","black","subheadrd",,
"SIND-035-NEW",53.4,,"Basalt weathered","green","subheadrd",,
"SIND-035-PZ",0.9,,"Topsoil","black","very fine","rounded to subrounded",
"SIND-035-PZ",6,,"Clay with interbeds of sand","yellow","fine to medium","subangular-subrounded",
"SIND-035-PZ",8.85,,"Clay with interbeds of sand","yellow","fine to medium","subangular-subrounded",
"SIND-035-PZ",11.6,,"Basalt hard","black","hard","subangular to angular",
"SIND-035-PZ",12.8,,"Red bole","red","fine to medium","subangular",
"SIND-035-PZ",17.1,,"Basalt weathered","brown","fine to medium","subangular",
"SIND-035-PZ",26.5,,"Basalt weathered/fractured","brown","medium to coarse","subangular to angular",
"SIND-035-PZ",38.4,,"Basalt hard","black","hard","subangular to angular",
"SIND-036-PZ",1.5,,"Vesicular Basalts","brown","medium to coarse","angular",
"SIND-036-PZ",5,,"Basalt fractured","brown","medium to coarse","rounded to subrounded",
"SIND-036-PZ",6,,"Basalt hard","black","fine to medium","subangular",
"SIND-036-PZ",15,,"Basalt weathered","dull brown","coarse","rounded to subrounded",
"SIND-036-PZ",20.75,,"Basalt fractured","greyish black","coarse to very coarse","subangular to angular",
"SIND-036-PZ",54.6,,"Basalt hard","greyish black","fine","angular",
"SIND-036-PZ",55.2,,"Red bole","red","fine","subangular",
"SIND-036-PZ",59.45,,"Basalt weathered","dull brown","fine to medium","subangular-subrounded",
"SIND-036-PZ",63.41,,"Basalt weathered","brown","medium to coarse","subangular",
"SIND-037-PZ",0.6,,"Topsoil","black","very fine","rounded to subrounded",
"SIND-037-PZ",3,,"Basalt weathered","brown","fine to medium","subangular",
"SIND-037-PZ",9.75,,"jointed basald","greyish black","coarse","angular",
"SIND-037-PZ",23.8,,"Massive Basalts","black","hard","subangular to angular",
"SIND-037-PZ",29,,"Basalt weathered","brown","fine","subangular",
"SIND-037-PZ",35,,"Basalt weathered/fractured","brown","medium to coarse","subangular to angular",
"SIND-037-PZ",38.4,,"Massive Basalts","black","hard","subangular to angular",
"SIND-038-PZ",1.5,,"Topsoil","black","very fine","rounded to subrounded",
"SIND-038-PZ",3.65,,"Basalt highly weathered","greyish black","fine to medium","subangular",
"SIND-038-PZ",4.6,,"Basalt weathered","greyish black","fine","subangular",
"SIND-038-PZ",6.1,,"Basalt weathered/fractured","greyish black","medium","subangular to angular",
"SIND-038-PZ",16.8,,"Basalt hard","brown","hard","subangular to angular",
"SIND-038-PZ",18,,"Red bole","red","fine to medium","subangular",
"SIND-038-PZ",24,,"Basalt weathered","greyish black","fine to medium","subangular",
"SIND-038-PZ",33.55,,"Basalt fractured","greyish black","coarse","angular",
"SIND-038-PZ",38.7,,"Basalt hard","black","hard","subangular to angular",
"SIND-039-A-PZ",0.61,,"B.C.soil","black","very fine","rounded to subrounded",
"SIND-039-A-PZ",2.15,,"Basalt weathered","greyish black","fine to medium","subangular",
"SIND-039-A-PZ",6.1,,"Basalt weathered/fractured","greyish black","medium","rounded to subrounded",
"SIND-039-A-PZ",9.15,,"Basalt hard","black","hard","subangular to angular",
"SIND-039-A-PZ",14,,"Basalt weathered","brown","fine to medium","rounded to subrounded",
"SIND-039-A-PZ",28.65,,"Basalt vesicular","brown","fine to medium","subangular",
"SIND-039-A-PZ",33.15,,"Basalt weathered/fractured","brown","medium","subangular to angular",
"SIND-039-A-PZ",45.15,,"Basalt hard","black","hard","subangular to angular",
"SIND-039-A-PZ",50.6,,"Basalt vesicular","brown","fine to medium","subangular",
"SIND-039-A-PZ",55.2,,"Basalt weathered/fractured","greyish black","medium","subangular",
"SIND-039-A-PZ",64.65000000000001,,"Massive Basalts","black","hard","subangular to angular",
"SIND-039-B-PZ",0.6,,"B.C.soil","black","very fine","rounded to subrounded",
"SIND-039-B-PZ",1.85,,"Basalt weathered","brown","fine to medium","subangular",
"SIND-039-B-PZ",4.9,,"Basalt weathered/fractured","greyish black","medium","subangular to angular",
"SIND-039-B-PZ",7.95,,"Basalt hard","black","hard","subangular to angular",
"SIND-039-B-PZ",11.6,,"Basalt weathered","brown","fine to medium","subangular",
"SIND-039-B-PZ",27.75,,"Basalt vesicular","brown","fine to medium","rounded to subrounded",
"SIND-039-B-PZ",35.05,,"Basalt fractured","brown","coarse","angular",
"SIND-039-B-PZ",46.05,,"Basalt hard","black","hard","subangular to angular",
"SIND-039-B-PZ",50.6,,"Basalt vesicular","brown","fine to medium","subangular",
"SIND-039-B-PZ",53.35,,"Basalt fractured","brown","coarse","angular",
"SIND-039-B-PZ",78.05,,"Massive Basalts","black","hard","subangular",
"SIND-039-B-PZ",106.4,,"Massive Basalts","black","hard","subangular to angular",
"SIND-039-B-PZ",108.55,,"Basalt highly weathered","brown","fine to medium","subangular",
"SIND-039-B-PZ",110.35,,"Basalt weathered","greyish black","fine to medium","angular",
"SIND-039-B-PZ",114.65,,"Basalt fractured","greyish black","coarse","subangular to angular",
"SIND-039-B-PZ",117.38,,"Massive Basalts","black","hard","subangular to angular",
"SIND-040-PZ",0.9,,"B.C. Soil","black","very fine","rounded to subrounded",
"SIND-040-PZ",1.85,,"Basalt weathered","greyish black","fine to medium","subangular",
"SIND-040-PZ",6.7,,"Basalt weathered/fractured","brown","medium","subangular to angular",
"SIND-040-PZ",8.85,,"Basalt hard","black","hard","subangular to angular",
"SIND-040-PZ",9.75,,"Basalt weathered","greyish black","fine to medium","subangular",
"SIND-040-PZ",17.4,,"Basalt vesicular","brown","fine to medium","subangular",
"SIND-040-PZ",22.85,,"Basalt weathered/fractured","brown","medium","subangular to angular",
"SIND-040-PZ",32.6,,"Basalt fractured","brown","coarse","angular",
"SIND-040-PZ",35,,"Basalt hard","black","hard","subangular to angular",
"SIND-040-PZ",45.75,,"Massive Basalts","black","hard","subangular to angular",
"SIND-040-PZ",49.1,,"Basalt fractured","brown","coarse","angular",
"SIND-040-PZ",51.85,,"Basalt fractured","brown","coarse","angular",
"SIND-040-PZ",60.06,,"Massive Basalts","black","hard","subangular to angular",
"SIND-34-PTW-NEW",5,,"Black cotton soil","black","fine","angular",
"SIND-34-PTW-NEW",7.6,,"yellow sandy soil","yellow","fine","angular",
"SIND-34-PTW-NEW",12,,"Basalt weathered","greyish black","medium","subangular",
"SIND-34-PTW-NEW",25.9,,"Massive Basalts","black","medium","subangular",
"SIND-34-PTW-NEW",27.45,,"Red bole","red","fine","angular",
"SIND-34-PTW-NEW",30,,"Basalt weathered","black","medium","subangular",
"SIND-34-PTW-NEW",39,,"Massive Basalts","black","medium","subangular",
"SIND-34-PTW-NEW",41.15,,"Basalt weathered","greyish black","medium","subangular",
"SIND-34-PTW-NEW",44.8,,"Massive Basalts","black","medium","subangular",
"SIND-PTW 38-PZ",1.5,,"BLACK COTTON","black","fine","angular",
"SIND-PTW 38-PZ",7.1,,"YELLOW SANDY SOIL","yellow","medium","subangular",
"SIND-PTW 38-PZ",8.15,,"Clay soft","grey","medium","subangular",
"SIND-PTW 38-PZ",10.7,,"Basalt weathered","greyish black","medium","subangular",
"SIND-PTW 38-PZ",12.12,,"JOINT BASALT","black","fine","subangular",
"SIND-PTW 38-PZ",19,,"Massive Basalts","black","fine","subangular",
"SIND-PTW 38-PZ",20.2,,"Red bole","red","fine","angular",
"SIND-PTW 38-PZ",32.36,,"Basalt weathered","grey","medium","subangular",
"SIND-PTW 38-PZ",33.35,,"Massive Basalts","black","medium","subangular",
"SIND-PTW-01 NEW",2,,"black cotton soil","black","fine","angular",
"SIND-PTW-01 NEW",5,,"yellow sandy soil","yellow","fine","angular",
"SIND-PTW-01 NEW",8.5,,"Basalt weathered","greyish black","medium","subangular",
"SIND-PTW-01 NEW",12,,"Basalt fractured","black","medium","subangular",
"SIND-PTW-01 NEW",28.5,,"Massive Basalts","black","medium","subangular",
"SIND-PTW-01 NEW",32,,"Massive Basalts","black","medium","subangular",
"SIND-PTW-01 NEW",35.1,,"Basalt weathered","greyish black","medium","subangular",
"SIND-PTW-01 NEW",36.1,,"Massive Basalts","black","medium","subangular",
"SIND-PTW-07",0.55,,"Black cotton soil","black","fine","angular",
"SIND-PTW-07",4,,"Basalt weathered","greyish black","medium","uneven",
"SIND-PTW-07",12,,"Massive Basalts","black","fine to medium","subangular",
"SIND-PTW-07",24,,"Basalt weathered","black","medium","subangular",
"SIND-PTW-07",30,,"Massive Basalts","black","medium","subangular",
"SIND-PTW-07",34,,"Massive Basalts","black","medium","subangular",
"SIND-PTW-07",40,,"Basalt weathered","greyish black","medium","subangular",
"SIND-PTW-07",42.68,,"Massive Basalts","black","medium","subangular",
"SIND-PTW-18",0.3,,"Black cotton soil","black","fine","angular",
"SIND-PTW-18",13.2,,"Basalt weathered","greyish black","medium","subangular",
"SIND-PTW-18",14.35,,"Red bole","red","fine","angular",
"SIND-PTW-18",15.5,,"Basalt weathered","grey","medium","subangular",
"SIND-PTW-18",45,,"Massive Basalts","black","medium","subangular",
"SIND-PTW-18",48,,"Basalt weathered","greyish black","medium","subangular",
"SIND-PTW-18",50.2,,"Basalt hard","black","medium","subangular",
"SIND-PTW-21-NEW",0.9,,"Black cotton soil","black","fine","angular",
"SIND-PTW-21-NEW",3,,"Basalt highly weathered","dull brown","medium","uneven",
"SIND-PTW-21-NEW",6.7,,"Basalt weathered","greyish black","medium","subangular",
"SIND-PTW-21-NEW",11,,"Massive Basalts","black","medium","subangular",
"SIND-PTW-21-NEW",15,,"Basalt vesicular","greyish black","medium","subangular",
"SIND-PTW-21-NEW",23,,"Basalt weathered","greyish black","medium","subangular",
"SIND-PTW-21-NEW",30,,"Basalt fractured","black","medium","subangular",
"SIND-PTW-21-NEW",36,,"Massive Basalts","black","medium","subangular",
"SIND-PTW-21-NEW",39,,"Basalt weathered","greyish black","medium","subangular",
"SIND-PTW-21-NEW",41.55,,"Massive Basalts","black","medium","subangular",
